CASE_ID,ACCIDENT_YEAR,PROC_DATE,JURIS,COLLISION_DATE,COLLISION_TIME,OFFICER_ID,REPORTING_DISTRICT,DAY_OF_WEEK,CHP_SHIFT,POPULATION,CNTY_CITY_LOC,SPECIAL_COND,BEAT_TYPE,CHP_BEAT_TYPE,CITY_DIVISION_LAPD,CHP_BEAT_CLASS,BEAT_NUMBER,PRIMARY_RD,SECONDARY_RD,DISTANCE,DIRECTION,INTERSECTION,WEATHER_1,WEATHER_2,STATE_HWY_IND,CALTRANS_COUNTY,CALTRANS_DISTRICT,STATE_ROUTE,ROUTE_SUFFIX,POSTMILE_PREFIX,POSTMILE,LOCATION_TYPE,RAMP_INTERSECTION,SIDE_OF_HWY,TOW_AWAY,COLLISION_SEVERITY,NUMBER_KILLED,NUMBER_INJURED,PARTY_COUNT,PRIMARY_COLL_FACTOR,PCF_CODE_OF_VIOL,PCF_VIOL_CATEGORY,PCF_VIOLATION,PCF_VIOL_SUBSECTION,HIT_AND_RUN,TYPE_OF_COLLISION,MVIW,PED_ACTION,ROAD_SURFACE,ROAD_COND_1,ROAD_COND_2,LIGHTING,CONTROL_DEVICE,CHP_ROAD_TYPE,PEDESTRIAN_ACCIDENT,BICYCLE_ACCIDENT,MOTORCYCLE_ACCIDENT,TRUCK_ACCIDENT,NOT_PRIVATE_PROPERTY,ALCOHOL_INVOLVED,STWD_VEHTYPE_AT_FAULT,CHP_VEHTYPE_AT_FAULT,COUNT_SEVERE_INJ,COUNT_VISIBLE_INJ,COUNT_COMPLAINT_PAIN,COUNT_PED_KILLED,COUNT_PED_INJURED,COUNT_BICYCLIST_KILLED,COUNT_BICYCLIST_INJURED,COUNT_MC_KILLED,COUNT_MC_INJURED,PRIMARY_RAMP,SECONDARY_RAMP,LATITUDE,LONGITUDE,COUNTY,CITY,POINT_X,POINT_Y
90591626,2017,2017-11-09,9725,2017-11-03,1912,021811,,5,2,9,3500,0,1,3,,1,054,SR-25,"SHORE RD",5808.00,N,N,A,-,Y,,,25,,,,,,,N,4,0,2,2,A,-,03,22350,,N,C,C,A,B,H,-,D,D,0,,,,,Y,,A,08,0,0,2,0,0,0,0,0,0,"- ","- ",36.939109999999999,-121.49330999999999,"SAN BENITO",UNINCORPORATED,-121.49320434000001,36.939332550000003
90600653,2017,2017-11-22,9725,2017-11-20,1805,019887,,1,2,9,3500,0,1,3,,1,054,SR-25,"SHORE RD",10560.00,N,N,A,-,Y,,,25,,,,,,,Y,4,0,1,2,A,-,03,22350,,N,C,C,A,A,H,-,D,D,0,,,,,Y,,A,01,0,0,1,0,0,0,0,0,0,"- ","- ",36.946429999999999,-121.50827,"SAN BENITO",UNINCORPORATED,-121.50826374,36.946443309999999
90603579,2017,2017-11-28,9725,2017-11-24,0935,021285,,5,1,9,3500,0,1,3,,1,054,SR-25,SR-156,0.00,,Y,A,-,Y,,,25,,,,,,,Y,4,0,1,2,A,-,12,21453,A,N,D,C,A,A,H,-,A,A,0,,,,Y,Y,,F,26,0,0,1,0,0,0,0,0,0,"- ","- ",36.895400000000002,-121.42742,"SAN BENITO",UNINCORPORATED,-121.42728864,36.895528030000001
90610982,2017,2017-12-06,9725,2017-12-04,1050,014585,,1,1,9,3500,0,1,3,,1,054,"SR-25 S/B","HUDNER LN.",1056.00,S,N,A,-,Y,,,25,,,,,,S,Y,4,0,1,2,A,-,03,22350,,N,C,C,A,A,H,-,A,D,0,,,,,Y,,A,07,0,0,1,0,0,0,0,0,0,"- ","- ",36.904519999999998,-121.43594,"SAN BENITO",UNINCORPORATED,-121.43601760999999,36.90444402
90626624,2017,2018-03-15,9725,2017-12-14,1015,014585,,4,1,9,3500,0,1,3,,1,054,SR-25,"SANTA CLARA COUNTY LINE",680.00,S,N,A,-,Y,,,25,,,,,,,Y,3,0,2,3,A,-,01,23152,A,N,C,C,A,A,H,-,A,D,0,,,,,Y,Y,D,22,0,1,1,0,0,0,0,0,0,"- ","- ",36.94708,-121.50955,"SAN BENITO",UNINCORPORATED,-121.50956133,36.947053959999998
90632250,2017,2018-01-03,9725,2017-12-09,1300,018473,,6,1,9,3500,0,1,3,,1,051,SR-25,"LA GLORIA RD.",3168.00,S,N,A,-,Y,,,25,,,,,,,Y,2,0,1,2,A,-,05,21460,A,N,A,C,A,A,H,-,A,D,0,,,Y,,Y,,C,02,1,0,0,0,0,0,0,0,1,"- ","- ",36.56071,-121.17519,"SAN BENITO",UNINCORPORATED,-121.17518447,36.560711380000001
90638525,2018,2018-01-11,9735,2018-01-06,0940,020057,,6,1,9,3500,0,1,3,,2,052,"SR-25 N/B","COALINGA RD.",12144.00,N,N,E,-,Y,,,25,,,,,,N,Y,3,0,2,1,A,-,03,22350,,N,F,I,A,B,H,-,A,D,0,,,,,Y,,A,07,0,1,1,0,0,0,0,0,0,"- ","- ",36.428569793701172,-121.02214813232422,"SAN BENITO",UNINCORPORATED,-121.02220916748047,36.42852783203125
90641310,2018,2018-01-17,9725,2018-01-05,1310,013521,,5,1,9,3500,0,1,3,,1,054,"SR-25   N/B","FLYNN ROAD",45.00,S,N,B,-,Y,,,25,,,,,,N,Y,3,0,2,2,A,-,03,22350,,N,C,C,A,A,H,-,A,D,0,,,,,Y,,A,01,0,2,0,0,0,0,0,0,0,"- ","- ",36.882061004638672,-121.41562652587891,"SAN BENITO",UNINCORPORATED,-121.41551208496094,36.882171630859375
90651832,2018,2018-01-31,9725,2018-01-22,0518,021665,,1,3,9,3500,0,1,3,,1,054,SR-25,"WRIGHT RD",0.00,,Y,A,-,Y,,,25,,,,,,,Y,3,0,1,2,A,-,09,21802,A,N,D,C,A,A,H,-,C,A,0,,,,,Y,,A,01,0,1,0,0,0,0,0,0,0,"- ","- ",36.869590759277344,-121.40643310546875,"SAN BENITO",UNINCORPORATED,-121.40647888183594,36.869548797607422
90651947,2018,2018-01-31,9725,2018-01-29,1140,014585,,1,1,9,3500,0,1,3,,1,054,"SR-25 S/B","HUDNER LN.",1056.00,N,N,B,-,Y,,,25,,,,,,S,Y,4,0,1,2,A,-,03,22350,,N,C,C,A,A,H,-,A,D,0,,,,,Y,,A,07,0,0,1,0,0,0,0,0,0,"- ","- ",36.912868499755859,-121.44429779052734,"SAN BENITO",UNINCORPORATED,-121.44425964355469,36.912906646728516
90656431,2018,2018-02-07,9725,2018-02-01,0810,014585,,4,1,9,3500,0,1,3,,1,054,"SR-25 NB","SHORE RD.",528.00,S,N,A,-,Y,,,25,,,,,,N,Y,4,0,1,2,A,-,03,22350,,N,C,C,A,A,H,-,A,D,0,,,,,Y,Y,A,01,0,0,1,0,0,0,0,0,0,"- ","- ",36.928188323974609,-121.4693603515625,"SAN BENITO",UNINCORPORATED,-121.46941375732422,36.928081512451172
90677431,2018,2018-03-08,9725,2018-02-19,1658,019978,,1,2,9,3500,0,1,3,,1,051,SR-25,"CIENEGA RD",6864.00,S,N,A,-,Y,,,25,,,,,,,Y,1,1,1,2,A,-,03,22350,,N,H,G,A,A,H,-,A,D,0,,Y,,,Y,,A,07,0,1,0,0,0,1,0,0,0,"- ","- ",36.695770263671875,-121.26940155029297,"SAN BENITO",UNINCORPORATED,-121.27001953125,36.695289611816406
90686393,2018,2018-03-21,9725,2018-03-16,0030,021602,,5,3,9,3500,0,1,3,,1,054,SR-25,SR-156,0.00,,Y,C,-,Y,,,25,,,,,,,Y,4,0,2,2,A,-,12,21453,A,N,D,D,A,B,H,-,C,A,0,,,,Y,Y,,A,01,0,0,2,0,0,0,0,0,0,"- ","- ",36.895721435546875,-121.42720031738281,"SAN BENITO",UNINCORPORATED,-121.42733764648438,36.895580291748047
90690358,2018,2018-03-27,9725,2018-03-19,1752,021811,,1,2,9,3500,0,1,3,,1,054,SR-25,"HUDNER LN",600.00,S,N,A,-,Y,,,25,,,,,,,Y,4,0,1,2,A,-,03,22350,,N,C,C,A,A,H,-,A,D,0,,,,,Y,,A,01,0,0,1,0,0,0,0,0,0,"- ","- ",36.906520843505859,-121.43804168701172,"SAN BENITO",UNINCORPORATED,-121.43802642822266,36.906528472900391
9069199,2020,2020-09-30,3501,2020-03-09,0858,01493,3501,1,5,4,3501,0,0,0,,0,DAY,"RT 25","SANTA ANA RD",5.00,S,N,A,-,Y,SBT,5,25,-,R,51.090,H,-,N,Y,4,0,1,2,A,-,03,22350,,N,C,C,A,A,H,-,A,A,0,,,,,Y,,A,01,0,0,1,0,0,0,0,0,0,"- ","- ",,,"SAN BENITO",HOLLISTER,-121.39072418212891,36.856006622314453
90698767,2018,2018-04-04,9725,2018-03-26,1429,019887,,1,2,9,3500,0,1,3,,1,054,SR-25,"WRIGHT RD",20.00,S,N,A,-,Y,,,25,,,,,,,Y,3,0,2,2,A,-,09,21801,A,N,A,C,A,A,H,-,A,D,0,,,,,Y,,A,01,0,1,1,0,0,0,0,0,0,"- ","- ",36.869609832763672,-121.40653991699219,"SAN BENITO",UNINCORPORATED,-121.40653228759766,36.869613647460938
90707732,2018,2018-04-18,9725,2018-04-12,0610,019217,,4,1,9,3500,0,1,3,,1,051,SR-25,"LA GLORIA RD",7920.00,S,N,A,-,Y,,,25,,,,,,,Y,4,0,1,1,A,-,08,22107,,N,E,I,A,A,H,-,B,D,0,,,,,Y,,D,22,0,0,1,0,0,0,0,0,0,"- ","- ",36.552410125732422,-121.16475677490234,"SAN BENITO",UNINCORPORATED,-121.16476440429688,36.552379608154297
90716011,2018,2018-04-30,9725,2018-04-21,1155,019331,,6,1,9,3500,0,1,3,,1,051,"SR-25 S/B",SR-146,6336.00,N,N,A,-,Y,,,25,,,,,,S,Y,3,0,1,1,A,-,08,22107,,N,E,I,A,A,H,-,A,D,0,,,Y,,Y,,C,02,0,1,0,0,0,0,0,0,1,"- ","- ",36.533851623535156,-121.14795684814453,"SAN BENITO",UNINCORPORATED,-121.14796447753906,36.533840179443359
90722068,2018,2018-05-08,9725,2018-04-30,1626,019887,,1,2,9,3500,0,1,3,,1,054,"SR-25 S/B","SHORE RD",5808.00,N,N,A,-,Y,,,25,,,,,,S,Y,4,0,2,2,A,-,03,22350,,N,C,C,A,A,H,-,A,D,0,,,,,Y,,A,01,0,0,2,0,0,0,0,0,0,"- ","- ",36.939861297607422,-121.49443054199219,"SAN BENITO",UNINCORPORATED,-121.49440765380859,36.939903259277344
90722155,2018,2018-05-08,9725,2018-05-02,1835,021304,,3,2,9,3500,0,1,3,,1,051,SR-25,"3RD ST",0.00,,N,A,-,Y,,,25,,,,,,,Y,2,0,2,4,A,-,08,22107,,N,C,E,A,A,H,-,A,D,0,,,,,Y,,D,22,1,1,0,0,0,0,0,0,0,"- ","- ",36.788551330566406,-121.31890106201172,"SAN BENITO",UNINCORPORATED,-121.31880187988281,36.788742065429688
90728503,2018,2018-05-17,9725,2018-05-12,2130,021774,,6,2,9,3500,0,1,3,,1,054,"SR-25 S/B","SHORE RD",528.00,S,N,A,-,Y,,,25,,,,,,S,Y,4,0,1,1,A,-,01,23152,A,N,E,I,A,A,H,-,D,D,0,,,,,Y,Y,A,01,0,0,1,0,0,0,0,0,0,"- ","- ",36.930400848388672,-121.47450256347656,"SAN BENITO",UNINCORPORATED,-121.47447204589844,36.930461883544922
90731083,2018,2018-05-22,9725,2018-05-11,2200,021837,,5,3,9,3500,0,1,3,,1,054,"SR-25 S/B",SR-156,150.00,S,N,A,-,Y,,,25,,,,,,S,Y,4,0,1,2,A,-,09,21803,A,N,B,C,A,A,H,-,C,A,0,,,,,Y,,A,01,0,0,1,0,0,0,0,0,0,"- ","- ",36.894859313964844,-121.42672729492188,"SAN BENITO",UNINCORPORATED,-121.42668151855469,36.894905090332031
90732849,2018,2018-05-24,9725,2018-05-16,1005,014585,,3,1,9,3500,0,1,3,,1,054,"SR-25 NB",SR-156,120.00,S,N,B,-,Y,,,25,,,,,,N,Y,4,0,1,3,A,-,04,21703,,N,C,C,A,A,H,-,A,D,0,,,,,Y,,A,01,0,0,1,0,0,0,0,0,0,"- ","- ",36.895320892333984,-121.42684173583984,"SAN BENITO",UNINCORPORATED,-121.42696380615234,36.895198822021484
90750614,2018,2018-06-19,9725,2018-06-02,2000,021781,,6,2,9,3500,0,1,3,,1,054,SR-25,"WRIGHT RD",0.00,,Y,A,-,Y,,,25,,,,,,,Y,2,0,1,2,A,-,09,21802,A,N,B,C,A,A,H,-,D,D,0,,,Y,,Y,,A,01,1,0,0,0,0,0,0,0,1,"- ","- ",36.869571685791016,-121.40651702880859,"SAN BENITO",UNINCORPORATED,-121.40650939941406,36.869583129882812
90751111,2018,2018-06-19,9725,2018-06-16,1610,021618,,6,2,9,3500,0,1,3,,1,054,SR-25,"HUDNER LN",1320.00,S,N,A,-,Y,,,25,,,,,,,Y,4,0,2,2,A,-,03,22350,,N,C,C,A,A,H,-,A,D,0,,,,,Y,,D,22,0,0,2,0,0,0,0,0,0,"- ","- ",36.905071258544922,-121.4365234375,"SAN BENITO",UNINCORPORATED,-121.43657684326172,36.905017852783203
90751154,2018,2018-06-19,9725,2018-06-18,1440,021618,,1,2,9,3500,0,1,3,,1,054,SR-25,"SHORE RD",8448.00,N,N,A,G,Y,,,25,,,,,,,Y,3,0,1,1,A,-,03,22350,,N,F,A,A,A,H,-,A,D,0,,,Y,,Y,,C,02,0,1,0,0,0,0,0,0,1,"- ","- ",36.94342041015625,-121.50161743164062,"SAN BENITO",UNINCORPORATED,-121.50167083740234,36.943309783935547
90770204,2018,2018-07-16,9725,2018-07-14,1555,020276,,6,2,9,3500,0,1,3,,1,051,SR-25,"QUIEN SABE RD",1100.00,N,N,A,-,Y,,,25,,,,,,,N,4,0,1,2,A,-,03,22350,,N,C,C,A,A,H,-,A,D,0,,,,,Y,,A,07,0,0,1,0,0,0,0,0,0,"- ","- ",36.789089202880859,-121.31916046142578,"SAN BENITO",UNINCORPORATED,-121.31920623779297,36.788990020751953
90773675,2018,2018-07-20,9725,2018-07-19,1750,021612,,4,2,9,3500,0,1,3,,1,054,"SR-25 S/B","SHORE RD",5808.00,N,N,A,-,Y,,,25,,,,,,S,Y,3,0,2,3,A,-,03,22350,,N,C,C,A,A,H,-,A,D,0,,,,,Y,,A,01,0,1,1,0,0,0,0,0,0,"- ","- ",36.939838409423828,-121.49433135986328,"SAN BENITO",UNINCORPORATED,-121.49432373046875,36.939861297607422
90787059,2018,2018-08-08,9725,2018-07-31,1228,018473,,2,1,9,3500,0,1,3,,1,051,"SR-25 N/B","BOLADO RD.",0.00,,N,A,-,Y,,,25,,,,,,N,Y,2,0,1,1,A,-,08,22107,,N,E,I,A,A,H,-,A,D,0,,,,,Y,,D,22,1,0,0,0,0,0,0,0,0,"- ","- ",36.759799957275391,-121.29548645019531,"SAN BENITO",UNINCORPORATED,-121.29558563232422,36.759769439697266
90793678,2018,2018-08-20,9725,2018-08-11,0030,021781,,6,3,9,3500,0,1,3,,1,051,"STATE ROUTE 25","LA GLORIA ROAD",6336.00,S,N,A,-,Y,,,25,,,,,,,Y,4,0,1,1,A,-,08,22107,,N,F,A,A,A,H,-,D,D,0,,,,,Y,,A,07,0,0,1,0,0,0,0,0,0,"- ","- ",36.560108184814453,-121.17456817626953,"SAN BENITO",UNINCORPORATED,-121.17457580566406,36.560081481933594
90798433,2018,2018-08-27,9725,2018-08-22,1740,021618,,3,2,9,3500,0,1,3,,1,054,"SR-25 S/B","HUDNER LN",7392.00,N,N,A,-,Y,,,25,,,,,,S,Y,4,0,1,2,A,-,03,22350,,N,C,C,A,A,H,-,A,D,0,,,,,Y,,A,01,0,0,1,0,0,0,0,0,0,"- ","- ",36.922428131103516,-121.45745086669922,"SAN BENITO",UNINCORPORATED,-121.45745086669922,36.922431945800781
90800526,2018,2018-08-29,9725,2018-08-24,0725,014585,,5,1,9,3500,0,1,3,,1,054,"SR-25 N/B","SANTA CLARA CO. LINE",3168.00,S,N,B,-,Y,,,25,,,,,,N,Y,4,0,4,2,A,-,03,22350,,N,C,C,A,A,H,-,A,D,0,,,,,Y,,A,08,0,0,4,0,0,0,0,0,0,"- ","- ",36.945350646972656,-121.505859375,"SAN BENITO",UNINCORPORATED,-121.50587463378906,36.9453125
90801084,2018,2018-08-29,9725,2018-08-23,0415,020424,,4,3,4,3501,0,1,3,,1,054,SR-25,"SAN FELIPE RD",0.00,,Y,A,-,Y,,,25,,,,,,,Y,2,0,2,2,A,-,12,21453,A,N,D,C,A,A,H,-,C,D,0,,,,,Y,,A,01,2,0,0,0,0,0,0,0,0,"- ","- ",36.865188598632812,-121.4013671875,"SAN BENITO",HOLLISTER,-121.40137481689453,36.865184783935547
90806633,2018,2018-09-06,9725,2018-09-01,1710,021304,,6,2,9,3500,0,1,3,,1,054,SR-25,SR-156,0.00,,Y,A,-,Y,,,25,,,,,,,Y,4,0,1,2,A,-,12,21453,A,N,D,C,A,A,H,-,A,A,0,,,,Y,Y,,G,25,0,0,1,0,0,0,0,0,0,"- ","- ",36.895698547363281,-121.42733764648438,"SAN BENITO",UNINCORPORATED,-121.42739868164062,36.895641326904297
90820104,2018,2018-09-24,9725,2018-09-17,0415,022112,,1,3,9,3500,0,1,3,,1,054,SR-25,"SAN FELIPE RD",1025.00,S,N,A,-,Y,,,25,,,,,,,Y,4,0,1,1,A,-,08,22107,,N,E,I,A,A,H,-,D,D,0,,,Y,,Y,,C,02,0,0,1,0,0,0,0,0,1,"- ","- ",36.864940643310547,-121.3944091796875,"SAN BENITO",UNINCORPORATED,-121.3944091796875,36.864959716796875
90831682,2018,2019-01-15,9725,2018-10-02,0935,018473,,2,1,9,3500,0,1,3,,1,054,"SR-25 N/B","HUDNER LN",4224.00,N,N,B,-,Y,,,25,,,,,,N,Y,4,0,1,2,A,-,03,22350,,N,C,C,A,A,H,-,A,D,0,,,,,Y,,D,22,0,0,1,0,0,0,0,0,0,"- ","- ",36.917430877685547,-121.44857788085938,"SAN BENITO",UNINCORPORATED,-121.44863891601562,36.917373657226562
90836131,2018,2018-10-15,9725,2018-10-07,1130,018473,,7,1,9,3500,0,1,3,,1,051,"SR-25 S/B","LA GLORIA RD.",14256.00,S,N,A,-,Y,,,25,,,,,,S,Y,2,0,1,1,C,-,18,,,N,E,I,A,A,H,-,A,D,0,,,Y,,Y,,-,"- ",1,0,0,0,0,0,0,0,1,"- ","- ",36.538871765136719,-121.15257263183594,"SAN BENITO",UNINCORPORATED,-121.15255737304688,36.538883209228516
90841511,2018,2018-10-22,9725,2018-10-18,0720,014585,,4,1,9,3500,0,1,3,,1,054,"SR -25 N/B","HUDNER LN",2112.00,N,N,E,-,Y,,,25,,,,,,N,Y,4,0,2,2,A,-,03,22350,,N,C,C,A,A,H,-,A,D,0,,,,,Y,,A,01,0,0,2,0,0,0,0,0,0,"- ","- ",36.915321350097656,-121.44647216796875,"SAN BENITO",UNINCORPORATED,-121.44654846191406,36.915248870849609
90842727,2018,2018-10-23,9725,2018-10-22,0740,014585,,1,1,9,3500,0,1,3,,1,054,"SR-25 N/B","SHORE RD",10560.00,N,N,B,-,Y,,,25,,,,,,N,Y,4,0,1,2,A,-,04,21703,,N,C,C,A,A,H,-,A,D,0,,,,,Y,,A,01,0,0,1,0,0,0,0,0,0,"- ","- ",36.942779541015625,-121.50032043457031,"SAN BENITO",UNINCORPORATED,-121.50035858154297,36.942695617675781
90848388,2018,2018-10-30,9725,2018-10-29,1507,021618,,1,2,9,3500,0,1,3,,1,054,SR-25,SR-156,528.00,N,N,A,-,Y,,,25,,,,,,,N,4,0,1,2,A,-,03,22350,,N,C,C,A,A,H,-,A,A,0,,,,,Y,,D,22,0,0,1,0,0,0,0,0,0,"- ","- ",36.896541595458984,-121.42826080322266,"SAN BENITO",UNINCORPORATED,-121.42826843261719,36.896533966064453
90854876,2018,2018-11-07,9725,2018-11-05,1730,022137,,1,2,9,3500,0,1,3,,1,054,"SR-25 S/B","HUDNER LN",3696.00,N,N,A,-,Y,,,25,,,,,,S,Y,4,0,1,3,A,-,03,22350,,N,C,C,A,A,H,-,D,D,0,,,,,Y,,A,01,0,0,1,0,0,0,0,0,0,"- ","- ",36.915218353271484,-121.44660186767578,"SAN BENITO",UNINCORPORATED,-121.44655609130859,36.915260314941406
90857140,2018,2018-11-09,9725,2018-11-04,1510,021781,,7,2,9,3500,0,1,3,,1,051,"STATE ROUTE 25","4TH STREET",528.00,S,N,A,-,Y,,,25,,,,,,,N,2,0,1,2,A,-,09,21801,A,F,A,C,A,A,H,-,A,D,0,,,Y,,Y,,A,07,1,0,0,0,0,0,0,0,1,"- ","- ",36.788761138916016,-121.31874847412109,"SAN BENITO",UNINCORPORATED,-121.31874847412109,36.78875732421875
90877258,2018,2018-12-06,9725,2018-08-31,2208,021774,,5,3,9,3500,0,1,3,,1,054,"SR-25 N/B","WRIGHT RD",1131.00,S,N,A,-,Y,,,25,,,,,,N,Y,1,1,0,2,A,-,11,21954,A,N,G,B,E,A,H,-,D,D,0,Y,,,,Y,,N,60,0,0,0,1,0,0,0,0,0,"- ","- ",36.866481781005859,-121.40367889404297,"SAN BENITO",UNINCORPORATED,-121.40372467041016,36.866436004638672
90877780,2018,2018-12-07,9725,2018-11-29,1545,020120,,4,2,9,3500,0,1,3,,1,054,"SR-25 N/B","BOLSA RD.",4224.00,S,N,B,C,Y,,,25,,,,,,N,Y,4,0,1,2,A,-,03,22350,,N,C,C,A,B,H,-,A,D,0,,,,,Y,,A,01,0,0,1,0,0,0,0,0,0,"- ","- ",36.94696044921875,-121.50923156738281,"SAN BENITO",UNINCORPORATED,-121.50925445556641,36.946910858154297
90879873,2018,2018-12-11,9725,2018-12-02,0945,019217,,7,1,4,3501,0,1,3,,1,054,SR-25,"SAN FELIPE RD",30.00,S,N,A,-,Y,,,25,,,,,,,N,4,0,1,2,A,-,03,22350,,N,C,C,A,A,H,-,A,A,0,,,,,Y,,D,22,0,0,1,0,0,0,0,0,0,"- ","- ",36.865169525146484,-121.40099334716797,"SAN BENITO",HOLLISTER,-121.40099334716797,36.865104675292969
90880069,2018,2018-12-11,9725,2018-12-03,0815,019331,,1,1,9,3500,0,1,3,,1,054,"SR-25 N/B","HUDNER LN",1320.00,N,N,A,-,Y,,,25,,,,,,N,Y,4,0,1,2,A,-,03,22350,,N,C,C,A,A,H,-,A,D,0,,,,,Y,,D,22,0,0,1,0,0,0,0,0,0,"- ","- ",36.914268493652344,-121.44538116455078,"SAN BENITO",UNINCORPORATED,-121.44548034667969,36.914165496826172
90891700,2018,2018-12-27,9725,2018-12-20,0640,014585,,4,1,9,3500,0,1,3,,1,054,"SR-25 N/B","SHORE RD.",5280.00,N,N,B,E,Y,,,25,,,,,,N,Y,4,0,1,2,A,-,03,22350,,N,C,C,A,B,H,-,B,D,0,,,,,Y,,A,01,0,0,1,0,0,0,0,0,0,"- ","- ",36.934688568115234,-121.48320770263672,"SAN BENITO",UNINCORPORATED,-121.48325347900391,36.934600830078125
90904040,2019,2019-01-14,9725,2019-01-10,1115,014585,,4,1,9,3500,0,1,3,,1,051,SR-25,"PANOCHE RD.",271.00,S,N,A,-,Y,,,25,,,,,,,Y,4,0,1,2,A,-,09,21801,A,N,D,C,A,A,H,-,A,D,0,,,,,Y,,D,22,0,0,1,0,0,0,0,0,0,"- ","- ",36.727291107177734,-121.27906036376953,"SAN BENITO",UNINCORPORATED,-121.27909088134766,36.727294921875
90905616,2019,2019-01-16,9725,2019-01-11,0200,017089,,5,3,9,3500,0,1,3,,1,054,SR-25,"BOLSA ROAD",6864.00,S,N,B,-,Y,,,25,,,,,,,Y,3,0,1,1,A,-,08,22107,,N,E,I,A,A,H,-,D,D,0,,,,,Y,,A,08,0,1,0,0,0,0,0,0,0,"- ","- ",36.942790985107422,-121.50028991699219,"SAN BENITO",UNINCORPORATED,-121.50033569335938,36.942684173583984
90917302,2019,2019-04-26,9725,2019-01-28,0620,014585,,1,1,9,3500,0,1,3,,1,054,"SR-25 N/B","SAN FELIPE RD",325.00,N,N,B,-,Y,,,25,,,,,,N,N,4,0,1,2,A,-,08,22107,,F,B,C,A,A,H,-,C,D,0,,,,,Y,,A,01,0,0,1,0,0,0,0,0,0,"- ","- ",36.866970062255859,-121.40457916259766,"SAN BENITO",UNINCORPORATED,-121.40438079833984,36.867153167724609
90921462,2019,2019-02-07,9725,2019-02-01,2040,021618,,5,2,9,3500,0,1,3,,1,054,SR-25,"WRIGHT RD",528.00,N,N,C,-,Y,,,25,,,,,,,N,4,0,1,2,A,-,03,22350,,N,C,C,A,B,H,-,D,D,0,,,,,Y,,A,01,0,0,1,0,0,0,0,0,0,"- ","- ",36.871231079101562,-121.40798950195312,"SAN BENITO",UNINCORPORATED,-121.40798950195312,36.871231079101562
90924152,2018,2019-02-12,9725,2018-12-31,1510,021665,,1,2,9,3500,0,1,3,,1,051,SR-25,"MURPHY RD",528.00,S,N,A,-,Y,,,25,,,,,,,Y,3,0,1,1,A,-,08,22107,,N,E,J,A,A,H,-,A,D,0,,,Y,,Y,,C,02,0,1,0,0,0,0,0,0,1,"- ","- ",36.743919372558594,-121.28040313720703,"SAN BENITO",UNINCORPORATED,-121.28053283691406,36.743896484375
90925641,2019,2019-02-13,9725,2019-02-09,1915,021304,,6,2,9,3500,0,1,3,,1,051,SR-25,"SOUTHSIDE RD",528.00,N,N,B,C,Y,,,25,,,,,,,Y,4,0,2,2,A,-,08,22107,,N,D,C,A,B,H,-,C,D,0,,,,,Y,Y,A,07,0,0,2,0,0,0,0,0,0,"- ","- ",36.790889739990234,-121.32296752929688,"SAN BENITO",UNINCORPORATED,-121.32296752929688,36.7908935546875