CASE_ID,ACCIDENT_YEAR,PROC_DATE,JURIS,COLLISION_DATE,COLLISION_TIME,OFFICER_ID,REPORTING_DISTRICT,DAY_OF_WEEK,CHP_SHIFT,POPULATION,CNTY_CITY_LOC,SPECIAL_COND,BEAT_TYPE,CHP_BEAT_TYPE,CITY_DIVISION_LAPD,CHP_BEAT_CLASS,BEAT_NUMBER,PRIMARY_RD,SECONDARY_RD,DISTANCE,DIRECTION,INTERSECTION,WEATHER_1,WEATHER_2,STATE_HWY_IND,CALTRANS_COUNTY,CALTRANS_DISTRICT,STATE_ROUTE,ROUTE_SUFFIX,POSTMILE_PREFIX,POSTMILE,LOCATION_TYPE,RAMP_INTERSECTION,SIDE_OF_HWY,TOW_AWAY,COLLISION_SEVERITY,NUMBER_KILLED,NUMBER_INJURED,PARTY_COUNT,PRIMARY_COLL_FACTOR,PCF_CODE_OF_VIOL,PCF_VIOL_CATEGORY,PCF_VIOLATION,PCF_VIOL_SUBSECTION,HIT_AND_RUN,TYPE_OF_COLLISION,MVIW,PED_ACTION,ROAD_SURFACE,ROAD_COND_1,ROAD_COND_2,LIGHTING,CONTROL_DEVICE,CHP_ROAD_TYPE,PEDESTRIAN_ACCIDENT,BICYCLE_ACCIDENT,MOTORCYCLE_ACCIDENT,TRUCK_ACCIDENT,NOT_PRIVATE_PROPERTY,ALCOHOL_INVOLVED,STWD_VEHTYPE_AT_FAULT,CHP_VEHTYPE_AT_FAULT,COUNT_SEVERE_INJ,COUNT_VISIBLE_INJ,COUNT_COMPLAINT_PAIN,COUNT_PED_KILLED,COUNT_PED_INJURED,COUNT_BICYCLIST_KILLED,COUNT_BICYCLIST_INJURED,COUNT_MC_KILLED,COUNT_MC_INJURED,PRIMARY_RAMP,SECONDARY_RAMP,LATITUDE,LONGITUDE,COUNTY,CITY,POINT_X,POINT_Y
90957555,2019,2019-03-29,9725,2019-03-19,1240,014585,,2,1,9,3500,0,1,3,,1,051,"SR-25 N/B","BOLADO RD.",2730.00,S,N,B,-,Y,,,25,,,,,,N,Y,4,0,2,3,A,-,05,21460,A,N,B,C,A,A,H,-,A,D,0,,,,,Y,,D,22,0,0,2,0,0,0,0,0,0,"- ","- ",36.773681640625,-121.30928802490234,"SAN BENITO",UNINCORPORATED,-121.30934906005859,36.773651123046875
90960268,2019,2019-04-03,9725,2019-04-02,1759,021618,,2,2,9,3500,0,1,3,,1,054,SR-25,"SHORE RD",2640.00,S,N,A,-,Y,,,25,,,,,,,Y,4,0,2,3,A,-,03,22350,,N,C,C,A,A,H,-,A,D,0,,,,,Y,,A,01,0,0,2,0,0,0,0,0,0,"- ","- ",36.927421569824219,-121.46808624267578,"SAN BENITO",UNINCORPORATED,-121.46807861328125,36.927444458007812
90968285,2019,2019-04-16,9725,2019-04-08,0729,019217,,1,1,9,3500,0,1,3,,1,054,"SR-25 N/B","SHORE RD",700.00,N,N,A,-,Y,,,25,,,,,,N,Y,4,0,3,2,A,-,03,22350,,N,C,C,A,A,H,-,A,D,0,,,,,Y,,A,01,0,0,3,0,0,0,0,0,0,"- ","- ",36.932441711425781,-121.47843933105469,"SAN BENITO",UNINCORPORATED,-121.47848510742188,36.932350158691406
90983117,2019,2019-05-07,9725,2019-04-29,1610,021530,,1,2,9,3500,0,1,3,,1,054,"SR 25 S/B","HUDNER LN",300.00,S,N,B,-,Y,,,25,,,,,,S,Y,4,0,1,4,A,-,03,22350,,N,C,C,A,A,H,-,A,D,0,,,,,Y,,A,08,0,0,1,0,0,0,0,0,0,"- ","- ",36.905799865722656,-121.43730163574219,"SAN BENITO",UNINCORPORATED,-121.43731689453125,36.905784606933594
90983316,2019,2019-05-07,9725,2019-05-02,1830,021665,,4,2,9,3500,0,1,3,,1,054,"SR-25 S/B","SHORE RD",2640.00,S,N,A,-,Y,,,25,,,,,,S,Y,4,0,1,2,A,-,03,22350,,N,C,C,A,A,H,-,A,D,0,,,,,Y,,A,01,0,0,1,0,0,0,0,0,0,"- ","- ",36.923679351806641,-121.46018218994141,"SAN BENITO",UNINCORPORATED,-121.46016693115234,36.923713684082031
90987922,2019,2019-05-14,9725,2019-05-08,2252,021837,,3,3,4,3501,0,1,3,,1,054,"SR-25 S/B","SANTA ANA RD",72.00,N,N,A,-,Y,,,25,,,,,,S,Y,4,0,1,3,A,-,03,22350,,N,C,C,A,A,H,-,D,A,0,,,,,Y,,A,01,0,0,1,0,0,0,0,0,0,"- ","- ",36.856510162353516,-121.39098358154297,"SAN BENITO",HOLLISTER,-121.39093780517578,36.856510162353516
90994052,2019,2019-05-22,9725,2019-05-16,0740,014585,,4,1,9,3500,0,1,3,,1,054,"SR-25 N/B","SHORE RD.",5280.00,S,N,B,C,Y,,,25,,,,,,N,Y,4,0,1,2,A,-,03,22350,,N,C,C,A,B,H,-,A,D,0,,,,,Y,,A,07,0,0,1,0,0,0,0,0,0,"- ","- ",36.923488616943359,-121.45948028564453,"SAN BENITO",UNINCORPORATED,-121.45951843261719,36.923408508300781
91002664,2019,2019-06-04,9725,2019-05-14,2110,019887,,2,2,9,3500,0,1,3,,1,051,SR-25,"MURPHY RD",5280.00,N,N,A,-,Y,,,25,,,,,,,Y,3,0,1,1,A,-,01,23152,A,N,E,I,A,A,H,-,D,D,0,,,,,Y,Y,D,22,0,1,0,0,0,0,0,0,0,"- ","- ",36.756801605224609,-121.29540252685547,"SAN BENITO",UNINCORPORATED,-121.29541015625,36.756797790527344
91006366,2019,2019-06-10,9725,2019-05-31,2100,021785,,5,2,9,3500,0,1,3,,1,054,SR-25,SR-156,25.00,N,N,A,-,Y,,,25,,,,,,,Y,4,0,1,2,A,-,03,22350,,N,C,C,A,A,H,-,D,A,0,,,,,Y,,A,01,0,0,1,0,0,0,0,0,0,"- ","- ",36.896129608154297,-121.42783355712891,"SAN BENITO",UNINCORPORATED,-121.4278564453125,36.896106719970703
91006967,2019,2019-06-10,9725,2019-06-08,1445,021618,,6,2,9,3500,0,1,3,,1,054,SR-25,"BRIGGS RD",0.00,,Y,A,-,Y,,,25,,,,,,,Y,3,0,2,3,A,-,03,22350,,N,C,C,A,A,H,-,A,D,0,,,,,Y,,D,22,0,1,1,0,0,0,0,0,0,"- ","- ",36.872928619384766,-121.40950012207031,"SAN BENITO",UNINCORPORATED,-121.40943908691406,36.872978210449219
91009994,2019,2019-06-14,9725,2019-06-06,2100,021785,,4,2,4,3501,0,1,3,,1,051,SR-25,"SAN FELIPE RD",5.00,S,N,A,-,Y,,,25,,,,,,,Y,4,0,1,2,A,-,08,22107,,N,B,C,A,A,H,-,C,A,0,,,,,Y,,A,01,0,0,1,0,0,0,0,0,0,"- ","- ",36.865119934082031,-121.40113067626953,"SAN BENITO",HOLLISTER,-121.40113067626953,36.865108489990234
91014362,2019,2019-06-20,9725,2019-06-11,0705,018473,,2,1,9,3500,0,1,3,,1,054,"SR-25 N/B","SHORE RD.",5280.00,S,N,A,-,Y,,,25,,,,,,N,Y,3,0,1,2,A,-,03,22350,,F,C,C,A,A,H,-,B,D,0,,,,,Y,,A,07,0,1,0,0,0,0,0,0,0,"- ","- ",36.923698425292969,-121.4599609375,"SAN BENITO",UNINCORPORATED,-121.45999145507812,36.923629760742188
91015820,2019,2019-06-24,9725,2019-06-15,1645,021781,,6,2,9,3500,0,1,3,,1,054,SR-25,"BOLSA ROAD",4224.00,S,N,A,-,Y,,,25,,,,,,,N,4,0,1,2,A,-,09,21804,A,N,D,C,A,A,H,-,A,D,0,,,,,Y,,D,22,0,0,1,0,0,0,0,0,0,"- ","- ",36.947120666503906,-121.50972747802734,"SAN BENITO",UNINCORPORATED,-121.50972747802734,36.947128295898438
91020968,2019,2019-06-28,9725,2019-06-27,1100,019887,,4,1,9,3500,0,1,3,,1,054,SR-25,"SAN FELIPE RD",70.00,S,N,A,-,Y,,,25,,,,,,,Y,4,0,3,2,A,-,08,22107,,N,D,C,A,A,H,-,A,A,0,,,,,Y,,A,01,0,0,3,0,0,0,0,0,0,"- ","- ",36.865200042724609,-121.40106964111328,"SAN BENITO",UNINCORPORATED,-121.40106964111328,36.865249633789062
91021558,2019,2019-07-01,9725,2019-06-24,1525,021618,,1,2,9,3500,0,1,3,,1,051,SR-25,"OLD AIRLINE HWY",2112.00,N,N,A,-,Y,,,25,,,,,,,Y,3,0,5,2,A,-,03,22350,,N,C,C,A,A,H,-,A,D,0,,,,,Y,,A,01,0,3,2,0,0,0,0,0,0,"- ","- ",36.675361633300781,-121.25441741943359,"SAN BENITO",UNINCORPORATED,-121.25443267822266,36.675350189208984
91023101,2019,2019-07-02,9725,2019-06-24,0750,021665,,1,1,9,3500,0,1,3,,1,054,"SR-25 N/B","SHORE RD",1056.00,N,N,A,-,Y,,,25,,,,,,N,Y,4,0,1,2,A,-,03,22350,,N,C,C,A,A,H,-,A,D,0,,,,,Y,,A,01,0,0,1,0,0,0,0,0,0,"- ","- ",36.933761596679688,-121.48126220703125,"SAN BENITO",UNINCORPORATED,-121.48130035400391,36.933673858642578
91027492,2019,2019-07-09,9725,2019-07-04,1705,020276,,4,2,9,3500,0,1,3,,1,051,SR-25,"QUIEN SABE RD",0.00,,Y,A,-,Y,,,25,,,,,,,Y,4,0,1,2,A,-,08,22107,,N,D,C,A,A,H,-,A,D,0,,,,,Y,,A,01,0,0,1,0,0,0,0,0,0,"- ","- ",36.787700653076172,-121.31671905517578,"SAN BENITO",UNINCORPORATED,-121.31671142578125,36.787704467773438
91028446,2019,2019-07-10,9725,2019-06-22,0540,018473,,6,3,9,3500,0,1,3,,1,051,"SR-25 S/B","BOLADO RD.",4224.00,S,N,B,-,Y,,,25,,,,,,S,Y,3,0,1,1,A,-,01,23152,A,N,E,I,A,A,H,-,B,D,0,,,,,Y,Y,A,01,0,1,0,0,0,0,0,0,0,"- ","- ",36.771369934082031,-121.30651092529297,"SAN BENITO",UNINCORPORATED,-121.30650329589844,36.771377563476562
91030441,2019,2019-07-17,9725,2019-07-06,1440,021781,,6,2,9,3500,0,1,3,,1,054,SR-25,"WRIGHT ROAD",1056.00,S,N,A,-,Y,,,25,,,,,,,N,3,0,3,2,A,-,03,22350,,N,C,C,A,A,H,-,A,D,0,,,Y,,Y,,C,02,0,2,1,0,0,0,0,0,3,"- ","- ",36.867740631103516,-121.40486145019531,"SAN BENITO",UNINCORPORATED,-121.40489196777344,36.867710113525391
91031085,2019,2019-07-15,9735,2019-07-06,1025,021431,,6,1,9,3500,0,3,5,,2,003,SR-25,"TOPO VALLEY RD",500.00,S,N,A,-,Y,,,25,,,,,,,Y,2,0,1,1,A,-,08,22107,,N,F,I,A,A,H,-,A,D,0,,,Y,,Y,,C,02,1,0,0,0,0,0,0,0,1,"- ","- ",36.446640014648438,-121.04635620117188,"SAN BENITO",UNINCORPORATED,-121.04635620117188,36.446613311767578
91050002,2019,2019-08-12,9725,2019-08-08,0820,014585,,4,1,9,3500,0,1,3,,1,054,"SR-25 N/B","SHORE RD.",1500.00,N,N,A,-,Y,,,25,,,,,,N,Y,3,0,1,2,A,-,04,21703,,N,C,C,A,A,H,-,A,D,0,,,Y,,Y,,A,01,0,1,0,0,0,0,0,0,1,"- ","- ",36.934051513671875,-121.48185729980469,"SAN BENITO",UNINCORPORATED,-121.48190307617188,36.933963775634766
91050605,2019,2019-08-13,9725,2019-08-01,1500,021304,,4,2,9,3500,0,1,3,,1,054,SR-25,"FLYNN RD",0.00,,Y,A,-,Y,,,25,,,,,,,Y,4,0,1,2,A,-,09,21802,A,N,D,C,A,A,H,-,A,A,0,,,,,Y,,D,22,0,0,1,0,0,0,0,0,0,"- ","- ",36.882110595703125,-121.41535949707031,"SAN BENITO",UNINCORPORATED,-121.41541290283203,36.882064819335938
91050647,2019,2019-08-13,9725,2019-08-08,2245,021602,,4,3,9,3500,0,1,3,,1,054,"SR-25 S/B",SR-156,120.00,N,N,A,-,Y,,,25,,,,,,S,Y,4,0,1,2,A,-,03,22350,,N,C,C,A,A,H,-,C,A,0,,,Y,,Y,,A,01,0,0,1,0,0,0,0,0,1,"- ","- ",36.896030426025391,-121.42783355712891,"SAN BENITO",UNINCORPORATED,-121.42780303955078,36.89605712890625
91053627,2019,2019-08-16,9725,2019-08-08,0600,021665,,4,1,9,3500,0,1,3,,1,054,SR-25,"BOLSA RD",6336.00,S,N,A,-,Y,,,25,,,,,,,Y,3,0,3,3,A,-,03,22350,,N,C,C,A,A,H,-,A,D,0,,,,,Y,,A,01,0,2,1,0,0,0,0,0,0,"- ","- ",36.942890167236328,-121.50054931640625,"SAN BENITO",UNINCORPORATED,-121.50058746337891,36.942806243896484
91055152,2019,2019-11-14,9725,2019-08-06,1510,021530,,2,2,9,3500,0,1,3,,1,051,"RT 25","BOLADO RD",5280.00,S,N,A,-,Y,,,25,,,,,,,Y,4,0,1,1,A,-,08,22107,,N,E,I,A,A,H,-,A,D,0,,,,,Y,,A,08,0,0,1,0,0,0,0,0,0,"- ","- ",36.768501281738281,-121.30259704589844,"SAN BENITO",UNINCORPORATED,-121.30258178710938,36.768527984619141
91061764,2019,2019-09-06,9725,2019-06-26,0535,021660,,3,3,9,3500,0,1,3,,1,054,SR-25,"SHORE ROAD",0.00,,Y,A,-,Y,,,25,,,,,,,Y,1,1,0,2,A,-,08,22101,D,N,D,C,A,A,H,-,B,D,0,,,Y,,Y,,C,02,0,0,0,0,0,0,0,1,0,"- ","- ",36.931541442871094,-121.47638702392578,"SAN BENITO",UNINCORPORATED,-121.47646331787109,36.931392669677734
91063906,2019,2019-08-30,9725,2019-08-26,0735,014585,,1,1,9,3500,0,1,3,,1,054,"SR-25 N/B","SHORE RD",5280.00,S,N,A,-,Y,,,25,,,,,,N,Y,4,0,2,3,A,-,04,21703,,N,C,C,A,A,H,-,A,D,0,,,,,Y,,A,01,0,0,2,0,0,0,0,0,0,"- ","- ",36.928379058837891,-121.469482421875,"SAN BENITO",UNINCORPORATED,-121.46958160400391,36.92816162109375
91065449,2019,2019-09-03,9725,2019-08-10,1428,021734,,6,2,9,3500,0,1,3,,1,054,SR-25,"SOUTH RIDGEMARK DRIVE",0.00,,Y,A,-,Y,,,25,,,,,,,Y,1,1,0,2,A,-,09,21802,A,N,D,C,A,A,H,-,A,D,0,,,,,Y,,A,01,0,0,0,0,0,0,0,0,0,"- ","- ",36.809059143066406,-121.34577941894531,"SAN BENITO",UNINCORPORATED,-121.34580230712891,36.809040069580078
91067252,2019,2019-09-04,9725,2019-08-30,0925,018473,,5,1,9,3500,0,1,3,,1,054,"SR-25 N/B","SHORE RD.",3168.00,N,N,A,-,Y,,,25,,,,,,N,Y,4,0,1,1,C,-,18,,,N,E,I,A,A,H,-,A,D,0,,,,,Y,,-,"- ",0,0,1,0,0,0,0,0,0,"- ","- ",36.936080932617188,-121.48603057861328,"SAN BENITO",UNINCORPORATED,-121.48609161376953,36.935966491699219
91073009,2019,2019-09-12,9725,2019-09-04,1700,021304,,3,2,9,3500,0,1,3,,1,054,"SR-25 S/B","HUDNER LN",1584.00,N,N,A,-,Y,,,25,,,,,,S,Y,3,0,1,4,A,-,03,22350,,N,C,C,A,A,H,-,A,D,0,,,,,Y,,D,22,0,1,0,0,0,0,0,0,0,"- ","- ",36.910709381103516,-121.44206237792969,"SAN BENITO",UNINCORPORATED,-121.44208526611328,36.910682678222656
91073944,2019,2019-09-13,9725,2019-09-09,2125,022111,,1,2,9,3500,0,1,3,,1,054,"SR-25 NB","SHORE ROAD",3400.00,N,N,A,-,Y,,,25,,,,,,N,Y,4,0,1,1,A,-,08,22107,,N,F,A,A,A,H,-,D,D,0,,,,,Y,,A,01,0,0,1,0,0,0,0,0,0,"- ","- ",36.936309814453125,-121.48642730712891,"SAN BENITO",UNINCORPORATED,-121.48649597167969,36.936161041259766
91081937,2019,2019-09-24,9725,2019-09-19,0735,021660,,4,1,9,3500,0,1,3,,1,054,"SR-25 N/B","SHORE RD",5808.00,S,N,A,-,Y,,,25,,,,,,N,N,4,0,1,2,A,-,03,22350,,N,C,C,A,A,H,-,A,D,0,,,,,Y,,A,01,0,0,1,0,0,0,0,0,0,"- ","- ",36.9228515625,-121.45807647705078,"SAN BENITO",UNINCORPORATED,-121.4581298828125,36.922752380371094
91087543,2019,2019-10-01,9725,2019-09-23,1837,021837,,1,2,9,3500,0,1,3,,1,054,SR-25,"WRIGHT RD",0.00,,Y,A,-,Y,,,25,,,,,,,Y,2,0,3,2,A,-,09,21801,A,N,A,C,A,A,H,-,A,D,0,,,,,Y,Y,A,07,1,2,0,0,0,0,0,0,0,"- ","- ",36.869590759277344,-121.40651702880859,"SAN BENITO",UNINCORPORATED,-121.40651702880859,36.869594573974609
91089551,2019,2019-10-03,9725,2019-09-27,2340,021602,,5,3,9,3500,0,1,3,,1,054,SR-25,SR-156,50.00,N,N,B,-,N,,,25,,,,,,,Y,4,0,1,3,A,-,03,22350,,N,C,C,A,A,H,-,C,A,0,,,,,Y,,A,01,0,0,1,0,0,0,0,0,0,"- ","- ",36.895740509033203,-121.42746734619141,"SAN BENITO",UNINCORPORATED,-121.42748260498047,36.895729064941406
91091471,2019,2019-10-07,9725,2019-09-30,2250,021774,,1,3,9,3500,0,1,3,,1,054,"SR-25 S/B",SR-156,9504.00,N,N,A,-,N,,,25,,,,,,S,N,4,0,1,1,A,-,01,23152,A,N,E,I,A,A,H,-,C,D,0,,,,,Y,Y,A,07,0,0,1,0,0,0,0,0,0,"- ","- ",36.917190551757812,-121.44837951660156,"SAN BENITO",UNINCORPORATED,-121.44841766357422,36.917156219482422
91110400,2019,2019-10-31,9725,2019-10-25,2325,021734,,5,3,9,3500,0,1,3,,1,054,SR-25,"SHORE ROAD",2112.00,S,N,A,-,Y,,,25,,,,,,,Y,3,0,1,1,A,-,08,22107,,N,E,I,A,A,H,-,D,D,0,,,,,Y,,A,01,0,1,0,0,0,0,0,0,0,"- ","- ",36.9287109375,-121.46981811523438,"SAN BENITO",UNINCORPORATED,-121.46999359130859,36.928352355957031
91114952,2019,2019-11-06,9725,2019-10-28,0600,014585,,1,1,9,3500,0,1,3,,1,054,"SR-25 N/B","SHORE RD.",500.00,S,N,A,-,Y,,,25,,,,,,N,Y,2,0,2,2,A,-,03,22350,,N,C,C,A,A,H,-,C,D,0,,,,,Y,,D,22,1,1,0,0,0,0,0,0,0,"- ","- ",36.930591583251953,-121.47445678710938,"SAN BENITO",UNINCORPORATED,-121.47451019287109,36.93048095703125
91120641,2019,2019-11-14,9725,2019-11-13,0850,017110,,3,1,9,3500,0,1,3,,1,054,"SR-25 N/B","SHORE ROAD",1320.00,N,N,B,-,Y,,,25,,,,,,N,N,4,0,1,2,A,-,03,22350,,N,C,C,A,A,H,-,A,D,0,,,,,Y,,A,01,0,0,1,0,0,0,0,0,0,"- ","- ",36.934310913085938,-121.48229217529297,"SAN BENITO",UNINCORPORATED,-121.48235321044922,36.934177398681641
91123021,2019,2019-11-18,9735,2019-11-14,1405,022328,,4,2,9,3500,0,1,3,,2,052,SR-25,SR-146,2640.00,S,N,A,-,Y,,,25,,,,,,,Y,4,0,1,1,A,-,08,22107,,N,F,I,A,A,H,-,A,D,0,,,,,Y,,D,22,0,0,1,0,0,0,0,0,0,"- ","- ",36.516849517822266,-121.12973785400391,"SAN BENITO",UNINCORPORATED,-121.12973785400391,36.516830444335938
91145893,2019,2019-12-18,9725,2019-12-13,0728,022111,,5,1,9,3500,0,1,3,,1,054,"SR-25 S/B","FLYNN RD",550.00,N,N,A,-,Y,,,25,,,,,,S,Y,4,0,1,2,A,-,05,21460,A,F,A,C,A,A,H,-,A,D,0,,,,,Y,,A,07,0,0,1,0,0,0,0,0,0,"- ","- ",36.883331298828125,-121.41664886474609,"SAN BENITO",UNINCORPORATED,-121.41661071777344,36.883365631103516
91151115,2019,2019-12-23,9725,2019-12-15,1855,021612,,7,2,9,3500,0,1,3,,1,054,SR-25,"WRIGHT RD",0.00,,Y,A,-,Y,,,25,,,,,,,Y,4,0,2,2,A,-,09,21802,A,N,D,C,A,A,H,-,B,A,0,,,,,Y,,A,01,0,0,2,0,0,0,0,0,0,"- ","- ",36.869590759277344,-121.40650939941406,"SAN BENITO",UNINCORPORATED,-121.40650939941406,36.869586944580078
91151918,2019,2019-12-24,9725,2019-12-16,0725,014585,,1,1,9,3500,0,1,3,,1,051,"SR-25 N/B","BOLADO RD",5280.00,S,N,B,-,Y,,,25,,,,,,N,Y,2,0,1,1,A,-,08,22107,,N,E,I,A,A,H,-,A,D,0,,,,,Y,,D,22,1,0,0,0,0,0,0,0,0,"- ","- ",36.768348693847656,-121.30239868164062,"SAN BENITO",UNINCORPORATED,-121.30238342285156,36.76837158203125
91167750,2019,2021-06-02,9725,2019-06-09,1705,021618,,7,2,9,3500,0,1,3,,1,054,SR-25,"SAN FELIPE ROAD",2640.00,S,N,A,-,Y,,,25,,,,,,,Y,1,1,1,2,A,-,01,23152,A,N,A,C,A,A,D,-,A,D,0,,,,,Y,Y,A,01,1,0,0,0,0,0,0,0,0,"- ","- ",36.864151000976562,-121.39180755615234,"SAN BENITO",UNINCORPORATED,-121.39179229736328,36.864170074462891
91169996,2020,2020-01-22,9725,2020-01-17,0815,019331,,5,1,9,3500,0,1,3,,1,054,"SR-25 N/B",SR-156,50.00,S,N,A,-,Y,,,25,,,,,,N,N,4,0,2,2,A,-,21,22106,,N,C,C,A,A,H,-,A,D,0,,,,,Y,,A,01,0,0,2,0,0,0,0,0,0,"- ","- ",36.895431518554688,-121.42707061767578,"SAN BENITO",UNINCORPORATED,-121.42713165283203,36.895366668701172
91182632,2020,2020-02-07,9725,2020-02-06,0600,014585,,4,1,9,3500,0,1,3,,1,054,"SR-25 N/B","SHORE RD",1584.00,S,N,A,-,Y,,,25,,,,,,N,Y,4,0,1,2,A,-,03,22350,,N,C,C,A,A,H,-,D,D,0,,,,,Y,,A,07,0,0,1,0,0,0,0,0,0,"- ","- ",36.926300048828125,-121.46559906005859,"SAN BENITO",UNINCORPORATED,-121.46560668945312,36.926277160644531
91199517,2020,2020-03-02,9725,2020-02-24,0710,014585,,1,1,9,3500,0,1,3,,1,054,"SR-25 N/B","SHORE RD",2640.00,N,N,B,E,Y,,,25,,,,,,N,Y,4,0,1,4,A,-,03,22350,,N,C,C,A,A,H,-,A,D,0,,,,,Y,,A,01,0,0,1,0,0,0,0,0,0,"- ","- ",36.935569763183594,-121.48502349853516,"SAN BENITO",UNINCORPORATED,-121.48506927490234,36.935462951660156
91201465,2020,2020-03-04,9725,2020-02-29,1002,018473,,6,1,9,3500,0,1,3,,1,054,"SR-25 S/B",SR-156,79.00,N,N,B,-,Y,,,25,,,,,,S,Y,4,0,1,4,C,-,18,,,N,C,C,A,A,H,-,A,D,0,,,,,Y,,-,"- ",0,0,1,0,0,0,0,0,0,"- ","- ",36.895900726318359,-121.42762756347656,"SAN BENITO",UNINCORPORATED,-121.42764282226562,36.895889282226562
9120476,2020,2020-09-30,3501,2020-05-16,1509,11106,3501,6,5,4,3501,0,0,0,,0,DAY,"AIRLINE HWY","SUNSET DR",29.00,N,N,A,-,Y,SBT,5,25,-,-,49.644,H,-,N,Y,3,0,1,1,A,-,03,22350,,N,E,I,A,A,H,-,A,D,0,,,Y,,Y,,C,02,0,1,0,0,0,0,0,0,1,"- ","- ",,,"SAN BENITO",HOLLISTER,-121.38823699951172,36.83526611328125
91220667,2020,2020-04-06,9725,2020-03-29,1240,018473,,7,1,9,3500,0,1,3,,1,054,"SR-25 N/B",SR-156,0.00,,Y,A,B,Y,,,25,,,,,,N,Y,4,0,1,2,A,-,12,21453,A,N,D,C,A,A,H,-,A,A,0,,,,,Y,,A,01,0,0,1,0,0,0,0,0,0,"- ","- ",36.895671844482422,-121.42730712890625,"SAN BENITO",UNINCORPORATED,-121.4273681640625,36.895610809326172
91223476,2020,2020-04-30,9735,2020-04-01,1150,016696,,3,1,9,3500,0,3,5,,2,003,"SR 25 SB","MPM 5.00",225.00,S,N,A,-,Y,,,25,,,,,,S,Y,2,0,1,1,C,-,18,,,N,D,H,A,A,H,-,A,D,0,,,Y,,Y,,-,"- ",1,0,0,0,0,0,0,0,1,"- ","- ",36.358318328857422,-120.97235870361328,"SAN BENITO",UNINCORPORATED,-120.97228240966797,36.358409881591797
91227844,2020,2020-04-21,9725,2020-04-11,1318,018473,,6,1,9,3500,0,1,3,,1,051,"SR-25 S/B","MURPHY RD.",6336.00,N,N,A,-,Y,,,25,,,,,,S,Y,4,0,1,1,A,-,08,22107,,N,F,A,A,A,H,-,A,D,0,,,Y,,Y,,C,02,0,0,1,0,0,0,0,0,1,"- ","- ",36.757091522216797,-121.29557800292969,"SAN BENITO",UNINCORPORATED,-121.29548645019531,36.757106781005859
91236991,2020,2020-05-13,9725,2020-05-08,1400,019305,,5,2,9,3500,0,1,3,,1,054,SR-25,"BOLSA RD.",4224.00,S,N,A,-,Y,,,25,,,,,,,Y,3,0,1,2,A,-,03,22350,,N,C,C,A,A,H,-,A,D,0,,,,,Y,,A,01,0,1,0,0,0,0,0,0,0,"- ","- ",36.946491241455078,-121.50800323486328,"SAN BENITO",UNINCORPORATED,-121.50806427001953,36.94635009765625
91237101,2020,2020-05-13,9725,2020-05-12,0100,021785,,2,3,4,3501,0,1,3,,1,054,SR-25,"SAN FELIPE RD",500.00,N,N,C,-,Y,,,25,,,,,,,Y,4,0,1,2,A,-,03,22350,,N,B,C,A,B,H,-,D,D,0,,,,,Y,,D,22,0,0,1,0,0,0,0,0,0,"- ","- ",36.865879058837891,-121.4031982421875,"SAN BENITO",HOLLISTER,-121.40318298339844,36.865901947021484