CASE_ID,ACCIDENT_YEAR,PROC_DATE,JURIS,COLLISION_DATE,COLLISION_TIME,OFFICER_ID,REPORTING_DISTRICT,DAY_OF_WEEK,CHP_SHIFT,POPULATION,CNTY_CITY_LOC,SPECIAL_COND,BEAT_TYPE,CHP_BEAT_TYPE,CITY_DIVISION_LAPD,CHP_BEAT_CLASS,BEAT_NUMBER,PRIMARY_RD,SECONDARY_RD,DISTANCE,DIRECTION,INTERSECTION,WEATHER_1,WEATHER_2,STATE_HWY_IND,CALTRANS_COUNTY,CALTRANS_DISTRICT,STATE_ROUTE,ROUTE_SUFFIX,POSTMILE_PREFIX,POSTMILE,LOCATION_TYPE,RAMP_INTERSECTION,SIDE_OF_HWY,TOW_AWAY,COLLISION_SEVERITY,NUMBER_KILLED,NUMBER_INJURED,PARTY_COUNT,PRIMARY_COLL_FACTOR,PCF_CODE_OF_VIOL,PCF_VIOL_CATEGORY,PCF_VIOLATION,PCF_VIOL_SUBSECTION,HIT_AND_RUN,TYPE_OF_COLLISION,MVIW,PED_ACTION,ROAD_SURFACE,ROAD_COND_1,ROAD_COND_2,LIGHTING,CONTROL_DEVICE,CHP_ROAD_TYPE,PEDESTRIAN_ACCIDENT,BICYCLE_ACCIDENT,MOTORCYCLE_ACCIDENT,TRUCK_ACCIDENT,NOT_PRIVATE_PROPERTY,ALCOHOL_INVOLVED,STWD_VEHTYPE_AT_FAULT,CHP_VEHTYPE_AT_FAULT,COUNT_SEVERE_INJ,COUNT_VISIBLE_INJ,COUNT_COMPLAINT_PAIN,COUNT_PED_KILLED,COUNT_PED_INJURED,COUNT_BICYCLIST_KILLED,COUNT_BICYCLIST_INJURED,COUNT_MC_KILLED,COUNT_MC_INJURED,PRIMARY_RAMP,SECONDARY_RAMP,LATITUDE,LONGITUDE,COUNTY,CITY,POINT_X,POINT_Y
91243222,2020,2020-05-27,9725,2020-05-24,1400,021774,,7,2,9,3500,0,1,3,,1,054,"SR-25 S/B","HUDNER LN",3696.00,N,N,A,-,Y,,,25,,,,,,S,Y,4,0,2,1,A,-,06,21755,,N,F,A,A,A,H,-,A,D,0,,,Y,,Y,,C,02,0,0,2,0,0,0,0,0,2,"- ","- ",36.915550231933594,-121.4468994140625,"SAN BENITO",UNINCORPORATED,-121.44686889648438,36.915580749511719
91245057,2020,2020-05-29,9725,2020-05-20,0340,022112,,3,3,9,3500,0,1,3,,1,054,"SR-25 S/B","HUDNER LN",2640.00,N,N,B,-,Y,,,25,,,,,,S,Y,3,0,1,1,A,-,01,23152,A,N,E,I,A,A,H,-,D,D,0,,,,,Y,Y,A,01,0,1,0,0,0,0,0,0,0,"- ","- ",36.918670654296875,-121.45021057128906,"SAN BENITO",UNINCORPORATED,-121.45020294189453,36.918682098388672
91265146,2020,2020-07-08,9735,2020-07-03,1500,020894,,5,2,9,3500,0,1,3,,2,052,SR-25,"OLD HERNANDEZ RD",100.00,N,N,A,-,Y,,,25,,,,,,,N,3,0,1,1,A,-,08,22107,,N,F,A,A,A,H,-,A,D,0,,,Y,,Y,,C,02,0,1,0,0,0,0,0,0,1,"- ","- ",36.501838684082031,-121.08699798583984,"SAN BENITO",UNINCORPORATED,-121.0870361328125,36.501766204833984
91303730,2020,2020-09-14,9725,2020-08-31,1727,018473,,1,2,9,3500,0,1,3,,1,054,"SR-25 N/B","SHORE RD.",0.00,,Y,A,-,Y,,,25,,,,,,N,Y,4,0,1,2,A,-,01,23152,A,N,D,C,A,A,H,-,A,D,0,,,,,Y,Y,A,01,0,0,1,0,0,0,0,0,0,"- ","- ",36.931400299072266,-121.47657775878906,"SAN BENITO",UNINCORPORATED,-121.47655487060547,36.931442260742188
91306022,2020,2020-09-16,9725,2020-09-06,1230,018473,,7,1,9,3500,0,1,3,,1,051,"SR-25 S/B","QUIEN SABE RD.",450.00,S,N,A,-,Y,,,25,,,,,,S,Y,3,0,1,1,A,-,08,22107,,N,E,I,A,A,H,-,A,D,0,,,,,Y,,A,01,0,1,0,0,0,0,0,0,0,"- ","- ",36.784919738769531,-121.31474304199219,"SAN BENITO",UNINCORPORATED,-121.31480407714844,36.784893035888672
91310813,2020,2020-09-24,9735,2020-09-14,2500,19217,,1,4,9,3500,0,1,3,,2,052,SR-25,"LEWIS CREEK RD",3168.00,N,N,A,-,Y,,,25,,,,,,,Y,4,0,1,1,A,-,08,22107,,N,E,I,A,A,H,-,D,D,0,,,,,Y,,A,07,0,0,1,0,0,0,0,0,0,"- ","- ",36.317760467529297,-120.93012237548828,"SAN BENITO",UNINCORPORATED,-120.93011474609375,36.317764282226562
91312904,2020,2020-09-28,9725,2020-09-16,0404,021811,,3,3,9,3500,0,1,3,,1,054,SR-25,"HUDNER LN",1056.00,N,N,B,-,Y,,,25,,,,,,,Y,3,0,1,1,A,-,01,23152,A,N,E,I,A,A,H,-,D,D,0,,,,,Y,Y,A,07,0,1,0,0,0,0,0,0,0,"- ","- ",36.910118103027344,-121.44148254394531,"SAN BENITO",UNINCORPORATED,-121.44151306152344,36.910091400146484
91313308,2020,2020-09-28,9725,2020-09-23,1315,018458,,3,1,9,3500,0,1,3,,1,054,SR-25,"WRIGHT ROAD",0.00,,Y,A,-,Y,,,25,,,,,,,Y,4,0,2,2,A,-,09,21802,A,N,D,C,A,A,H,-,A,A,0,,,,,Y,,D,22,0,0,2,0,0,0,0,0,0,"- ","- ",36.869651794433594,-121.40608978271484,"SAN BENITO",UNINCORPORATED,-121.40636444091797,36.869415283203125
91315836,2020,2020-10-01,9735,2020-09-28,0400,022111,,1,3,9,3500,0,3,5,,2,003,SR-25,SR-146,2640.00,S,N,A,-,Y,,,25,,,,,,,Y,4,0,1,1,A,-,08,22107,,N,E,I,A,A,H,-,D,D,0,,,,,Y,,A,01,0,0,1,0,0,0,0,0,0,"- ","- ",36.511798858642578,-121.11728668212891,"SAN BENITO",UNINCORPORATED,-121.11726379394531,36.511844635009766
91323876,2020,2020-10-14,9725,2020-10-07,0645,014585,,3,1,9,3500,0,1,3,,1,054,"SR-25 S/B",SR-156,2112.00,N,N,A,-,Y,,,25,,,,,,S,N,4,0,1,2,A,-,03,22350,,N,C,C,A,A,H,-,B,D,0,,,,,Y,,A,01,0,0,1,0,0,0,0,0,0,"- ","- ",36.899681091308594,-121.43141937255859,"SAN BENITO",UNINCORPORATED,-121.431396484375,36.899703979492188
91327417,2020,2020-10-20,9725,2020-10-09,0545,014585,,5,3,9,3500,0,1,3,,1,051,"SR-25 S/B","SAN BENITO RIVER BRIDGE",4224.00,S,N,B,-,Y,,,25,,,,,,S,Y,3,0,1,1,A,-,08,22107,,N,F,A,A,A,H,-,D,D,0,,,,,Y,,A,07,0,1,0,0,0,0,0,0,0,"- ","- ",36.755081176757812,-121.29367828369141,"SAN BENITO",UNINCORPORATED,-121.2935791015625,36.755260467529297
91332154,2020,2020-10-27,9725,2020-10-19,0650,014585,,1,1,9,3500,0,1,3,,1,054,"SR-25 N/B","SHORE RD.",9504.00,N,N,A,-,Y,,,25,,,,,,N,Y,4,0,1,2,A,-,03,22350,,N,C,C,A,A,H,-,C,D,0,,,,,Y,,A,07,0,0,1,0,0,0,0,0,0,"- ","- ",36.945701599121094,-121.50670623779297,"SAN BENITO",UNINCORPORATED,-121.50670623779297,36.945709228515625
91339480,2020,2020-11-04,9725,2020-10-30,0245,021660,,5,3,9,3500,0,1,3,,1,054,SR-25,"WRIGHT RD",0.00,,Y,A,-,Y,,,25,,,,,,,Y,4,0,1,2,A,-,09,21802,A,N,D,C,A,A,H,-,C,A,0,,,,,Y,,A,01,0,0,1,0,0,0,0,0,0,"- ","- ",36.869781494140625,-121.40675354003906,"SAN BENITO",UNINCORPORATED,-121.40671539306641,36.86981201171875
91339545,2020,2020-11-04,9725,2020-11-01,1500,021618,,7,2,9,3500,0,1,3,,1,051,SR-25,"UNION RD",120.00,S,N,A,-,N,,,25,,,,,,,N,4,0,1,2,A,-,21,22106,,F,C,C,A,A,H,-,A,A,0,,,,,Y,,-,99,0,0,1,0,0,0,0,0,0,"- ","- ",36.826610565185547,-121.38217163085938,"SAN BENITO",UNINCORPORATED,-121.38218688964844,36.826595306396484
91339877,2020,2020-11-05,9725,2020-11-03,2140,021618,,2,2,9,3500,0,1,3,,1,054,SR-25,"BOLSA RD",4752.00,S,N,A,-,Y,,,25,,,,,,,Y,3,0,2,2,A,-,01,23152,A,F,C,C,A,A,H,-,D,D,0,,,,,Y,Y,A,01,0,1,1,0,0,0,0,0,0,"- ","- ",36.946121215820312,-121.50743865966797,"SAN BENITO",UNINCORPORATED,-121.50746154785156,36.946067810058594
91340038,2020,2020-11-05,9725,2020-11-02,2110,021159,,1,2,9,3500,0,1,3,,1,054,"RT 25","SHORE RD",528.00,N,N,A,-,Y,,,25,,,,,,,Y,3,0,2,2,A,-,03,22350,,N,C,C,A,A,H,-,D,D,0,,,,,Y,,A,01,0,2,0,0,0,0,0,0,0,"- ","- ",36.945770263671875,-121.50668334960938,"SAN BENITO",UNINCORPORATED,-121.50670623779297,36.945709228515625
91345890,2020,2020-11-16,9725,2020-11-06,1725,021618,,5,2,9,3500,0,1,3,,1,051,"SR-25 N/B","WILLOW CREEK 112 RD",1056.00,S,N,A,-,Y,,,25,,,,,,N,Y,4,0,1,1,C,-,18,,,N,H,H,A,A,H,-,D,D,0,,,,,Y,,-,"- ",0,0,1,0,0,0,0,0,0,"- ","- ",36.590801239013672,-121.19695281982422,"SAN BENITO",UNINCORPORATED,-121.19694519042969,36.590801239013672
91353068,2020,2020-11-24,9725,2020-11-12,1450,021700,,4,2,9,3500,0,1,3,,1,054,"SR-25 S/B","HUDNER LN",2218.00,S,N,A,-,N,,,25,,,,,,S,Y,2,0,2,3,A,-,03,22350,,N,C,C,A,A,H,-,A,D,0,,,,,Y,,A,07,1,0,1,0,0,0,0,0,0,"- ","- ",36.902988433837891,-121.43456268310547,"SAN BENITO",UNINCORPORATED,-121.43457794189453,36.902973175048828
91363143,2020,2020-12-10,9725,2020-12-03,2315,021304,,4,3,9,3500,0,1,3,,1,051,SR-25,"ENTERPRISE RD",1584.00,N,N,A,-,Y,,,25,,,,,,,Y,4,0,1,1,A,-,08,22107,,N,E,I,A,A,H,-,C,D,0,,,,,Y,,A,01,0,0,1,0,0,0,0,0,0,"- ","- ",36.8226318359375,-121.37629699707031,"SAN BENITO",UNINCORPORATED,-121.37628936767578,36.822650909423828
91363266,2020,2021-01-13,9725,2020-11-11,0110,021660,,3,3,9,3500,0,1,3,,1,054,"SR-25 N/B","HUDNER LN",5808.00,N,N,B,-,Y,,,25,,,,,,N,Y,4,0,1,2,A,-,03,22350,,N,C,C,A,A,H,-,D,D,0,,,,Y,Y,,A,01,0,0,1,0,0,0,0,0,0,"- ","- ",36.920051574707031,-121.4522705078125,"SAN BENITO",UNINCORPORATED,-121.45230102539062,36.91998291015625
91363761,2020,2020-12-10,9725,2020-06-14,2227,021837,,7,3,9,3500,0,1,3,,1,051,"SR-25 S/B","PORTUGESE WAY",20.00,S,N,A,-,Y,,,25,,,,,,S,Y,1,1,1,1,A,-,01,23152,A,N,E,I,A,A,H,-,D,D,0,,,,,Y,Y,A,01,1,0,0,0,0,0,0,0,0,"- ","- ",36.799930572509766,-121.33611297607422,"SAN BENITO",UNINCORPORATED,-121.33602905273438,36.800033569335938
91386245,2020,2021-01-12,9725,2020-12-28,0759,018473,,1,1,9,3500,0,1,3,,1,054,"SR-25 N/B","SANTA ANA RD.",1584.00,N,N,A,-,Y,,,25,,,,,,N,Y,4,0,1,2,A,-,08,22107,,N,A,C,A,B,H,-,A,D,0,,,,,Y,,A,01,0,0,1,0,0,0,0,0,0,"- ","- ",36.8602294921875,-121.39086151123047,"SAN BENITO",UNINCORPORATED,-121.39063262939453,36.860218048095703
91390135,2020,2021-01-22,9725,2020-08-08,0930,019217,,6,1,9,3500,0,1,3,,1,051,SR-25,"BOLADO ROAD",5280.00,S,N,A,-,Y,,,25,,,,,,,Y,1,1,1,1,A,-,08,22107,,N,E,I,A,A,H,-,A,D,0,,,,,Y,,D,22,1,0,0,0,0,0,0,0,0,"- ","- ",36.769168853759766,-121.30332946777344,"SAN BENITO",UNINCORPORATED,-121.3033447265625,36.769145965576172
91393292,2021,2021-01-25,9725,2021-01-16,1805,021837,,6,2,9,3500,0,1,3,,1,051,SR-25,"BOLADO RD",10560.00,S,N,A,-,Y,,,25,,,,,,,Y,2,0,3,1,A,-,01,23152,A,N,E,I,A,A,H,-,D,D,0,,,,,Y,Y,D,22,1,2,0,0,0,0,0,0,0,"- ","- ",36.756610870361328,-121.29534912109375,"SAN BENITO",UNINCORPORATED,-121.29531860351562,36.756629943847656
91393523,2021,2021-01-25,9725,2021-01-18,1145,021665,,1,1,9,3500,0,1,3,,1,054,"SR-25 S/B",SR-156,100.00,N,N,A,-,Y,,,25,,,,,,S,N,4,0,1,2,A,-,03,22350,,N,C,C,A,A,H,-,A,D,0,,,,,Y,,A,01,0,0,1,0,0,0,0,0,0,"- ","- ",36.895858764648438,-121.42765045166016,"SAN BENITO",UNINCORPORATED,-121.42762756347656,36.895877838134766
91393540,2021,2021-01-25,9725,2021-01-18,1545,021665,,1,2,9,3500,0,1,3,,1,054,SR-25,"BRIGGS RD",50.00,S,N,A,-,Y,,,25,,,,,,,Y,4,0,1,1,A,-,03,22350,,N,F,A,A,A,H,-,A,D,0,,,Y,,Y,,C,02,0,0,1,0,0,0,0,0,1,"- ","- ",36.877780914306641,-121.41233825683594,"SAN BENITO",UNINCORPORATED,-121.41239929199219,36.87774658203125
91400089,2021,2021-02-01,9725,2021-01-31,1540,021618,,7,2,9,3500,0,1,3,,1,051,SR-25,"SOUTHSIDE RD",3696.00,N,N,A,-,Y,,,25,,,,,,,Y,3,0,2,1,A,-,08,22107,,N,F,A,A,A,H,-,A,D,0,,,,,Y,,A,01,0,2,0,0,0,0,0,0,0,"- ","- ",36.756290435791016,-121.29501342773438,"SAN BENITO",UNINCORPORATED,-121.2950439453125,36.756259918212891
91406889,2021,2021-02-11,9725,2021-02-08,1410,021159,,1,2,9,3500,0,1,3,,1,054,"RT 25","MURPHY RD",5280.00,N,N,A,-,Y,,,25,,,,,,,Y,3,0,1,1,A,-,08,22107,,N,F,A,A,A,H,-,A,D,0,,,,,Y,,A,07,0,1,0,0,0,0,0,0,0,"- ","- ",36.755210876464844,-121.29354095458984,"SAN BENITO",UNINCORPORATED,-121.29352569580078,36.755233764648438
91426296,2021,2021-03-12,9725,2021-02-26,0712,018473,,5,1,9,3500,0,1,3,,1,054,"SR-25 N/B","BOLSA RD.",7392.00,S,N,A,-,Y,,,25,,,,,,N,Y,3,0,1,2,A,-,03,22350,,N,C,C,A,A,H,-,A,D,0,,,,,Y,,A,01,0,1,0,0,0,0,0,0,0,"- ","- ",36.942901611328125,-121.50067138671875,"SAN BENITO",UNINCORPORATED,-121.50069427490234,36.942852020263672
91437197,2021,2021-03-26,9725,2021-03-13,2025,021665,,6,2,9,3500,0,1,3,,1,054,"SR-25 S/B","FLYNN RD",300.00,N,N,A,-,Y,,,25,,,,,,S,N,2,0,1,2,A,-,11,21954,A,F,G,B,E,A,H,-,D,D,0,Y,,,,Y,,N,60,1,0,0,0,1,0,0,0,0,"- ","- ",36.882839202880859,-121.41616058349609,"SAN BENITO",UNINCORPORATED,-121.41614532470703,36.882854461669922
91451445,2021,2021-04-15,9725,2021-04-06,1612,018966,,2,2,9,3500,0,1,3,,1,054,SR-25,"FLYNN RD",200.00,N,N,A,-,Y,,,25,,,,,,,Y,2,0,1,2,A,-,09,21804,A,N,D,C,A,A,H,-,A,D,0,,,,,Y,,A,01,1,0,0,0,0,0,0,0,0,"- ","- ",36.882598876953125,-121.41590881347656,"SAN BENITO",UNINCORPORATED,-121.41590881347656,36.882598876953125
91466078,2021,2021-05-05,9725,2021-04-12,0826,018473,,1,1,9,3500,0,1,3,,1,051,"SR-25 N/B","MURPHY RD.",5808.00,N,N,B,-,Y,,,25,,,,,,N,Y,2,0,1,1,A,-,01,23152,A,N,E,I,A,A,H,-,A,D,0,,,,,Y,Y,A,01,1,0,0,0,0,0,0,0,0,"- ","- ",36.756801605224609,-121.29534149169922,"SAN BENITO",UNINCORPORATED,-121.29540252685547,36.756778717041016
91479179,2021,2021-07-16,9725,2021-04-11,0015,022112,,7,3,4,3501,0,1,3,,1,054,SR-25,"SAN FELIPE RD",0.00,,Y,A,-,Y,,,25,,,,,,,Y,2,0,2,2,A,-,01,23152,A,N,D,C,A,A,H,-,C,A,0,,,,,Y,Y,A,01,2,0,0,0,0,0,0,0,0,"- ","- ",36.865238189697266,-121.40146636962891,"SAN BENITO",HOLLISTER,-121.40147399902344,36.865207672119141
9149904,2020,2020-11-25,3501,2020-07-02,2056,11047,3501,4,5,4,3501,0,0,0,,0,GRA,"A1RLINE HWY","SUNNYSLOPE RD",406.00,S,N,A,-,Y,SBT,5,25,-,R,49.880,H,-,N,N,4,0,1,1,A,-,05,21651,A,N,H,I,A,A,H,-,C,D,0,,,Y,,Y,,C,02,0,0,1,0,0,0,0,0,1,"- ","- ",,,"SAN BENITO",HOLLISTER,-121.39033508300781,36.838466644287109
91508228,2021,2021-06-28,9725,2021-06-18,0500,021660,,5,3,9,3500,0,1,3,,1,054,"SR-25 N/B",SR-156,120.00,S,N,A,-,Y,,,25,,,,,,N,N,4,0,1,3,A,-,03,22350,,M,C,C,A,A,H,-,B,A,0,,,,,Y,,A,08,0,0,1,0,0,0,0,0,0,"- ","- ",36.895111083984375,-121.42681121826172,"SAN BENITO",UNINCORPORATED,-121.42684936523438,36.895072937011719
91509243,2021,2021-06-29,9725,2021-06-23,0705,018458,,3,1,9,3500,0,1,3,,1,054,"SR-25 N/B","BOLSA RD",5280.00,S,N,B,-,Y,,,25,,,,,,N,Y,4,0,1,2,A,-,03,22350,,N,C,C,A,A,H,-,A,D,0,,,,,Y,,A,08,0,0,1,0,0,0,0,0,0,"- ","- ",36.943790435791016,-121.50260925292969,"SAN BENITO",UNINCORPORATED,-121.50261688232422,36.943775177001953
91523159,2021,2021-07-19,9725,2021-07-10,1535,021396,,6,2,9,3500,0,1,3,,1,054,"SR-25 NORTHBOUND","SHORE ROAD",2112.00,N,N,A,-,Y,,,25,,,,,,N,Y,4,0,2,2,A,-,03,22350,,N,C,C,A,A,H,-,A,D,0,,,,,Y,,A,01,0,0,2,0,0,0,0,0,0,"- ","- ",36.937389373779297,-121.48906707763672,"SAN BENITO",UNINCORPORATED,-121.48907470703125,36.937374114990234
91527416,2021,2021-07-23,9725,2021-07-17,1215,021665,,6,1,9,3500,0,1,3,,1,054,SR-25,"BOLSA RD",6336.00,S,N,A,-,Y,,,25,,,,,,,Y,4,0,2,3,A,-,03,22350,,N,C,C,A,A,H,-,A,D,0,,,,,Y,,A,07,0,0,2,0,0,0,0,0,0,"- ","- ",36.943588256835938,-121.50186920166016,"SAN BENITO",UNINCORPORATED,-121.50194549560547,36.943439483642578
91535668,2021,2021-08-03,9725,2021-07-24,0540,021811,,6,3,9,3500,0,1,3,,1,054,SR-25,"BOLSA RD",5808.00,S,N,A,-,Y,,,25,,,,,,,Y,4,0,1,1,A,-,08,22107,,N,E,8,A,A,H,-,B,D,0,,,,,Y,,A,01,0,0,1,0,0,0,0,0,0,"- ","- ",36.944931030273438,-121.50527191162109,"SAN BENITO",UNINCORPORATED,-121.50523376464844,36.94500732421875
91554859,2021,2021-08-26,9725,2021-08-23,0605,019215,,1,1,9,3500,0,1,3,,1,054,"SR-25 N/B","HUDNER ROAD.",20.00,N,N,B,-,Y,,,25,,,,,,N,N,4,0,2,2,A,-,03,22350,,N,C,C,A,A,H,-,B,D,0,,,,,Y,,A,01,0,0,2,0,0,0,0,0,0,"- ","- ",36.907798767089844,-121.43905639648438,"SAN BENITO",UNINCORPORATED,-121.43916320800781,36.907699584960938
91558445,2021,2021-08-30,9725,2021-08-11,1300,019217,,3,1,9,3500,0,1,3,,1,051,SR-25,"BOLADO ROAD",19.00,S,N,A,-,Y,,,25,,,,,,,Y,3,0,1,2,A,-,05,21460,C,N,B,2,A,A,H,-,A,D,0,,,,,Y,,A,01,0,1,0,0,0,0,0,0,0,"- ","- ",36.780498504638672,-121.31266784667969,"SAN BENITO",UNINCORPORATED,-121.31267547607422,36.780498504638672
91583496,2021,2021-09-30,9725,2021-09-19,1225,021665,,7,1,9,3500,0,1,3,,1,051,SR-25,"FAIRVIEW RD",0.00,,Y,A,-,Y,,,25,,,,,,,N,4,0,1,2,A,-,09,21802,A,N,D,C,A,A,H,-,A,A,0,,,,,Y,,A,01,0,0,1,0,0,0,0,0,0,"- ","- ",36.816329956054688,-121.36354827880859,"SAN BENITO",UNINCORPORATED,-121.36356353759766,36.816276550292969
91592064,2021,2021-10-08,9725,2021-09-28,2155,021304,,2,2,9,3500,0,1,3,,1,054,SR-25,SR-156,0.00,,Y,A,-,Y,,,25,,,,,,,Y,4,0,1,3,A,-,12,21453,A,F,D,C,A,A,H,-,C,A,0,,,,,Y,,-,99,0,0,1,0,0,0,0,0,0,"- ","- ",36.895980834960938,-121.42733764648438,"SAN BENITO",UNINCORPORATED,-121.42753601074219,36.895786285400391
91596100,2021,2021-10-14,9725,2021-10-02,2220,022317,,6,3,9,3500,0,1,3,,1,054,"SR-25 N/B","3RD STREET",475.00,S,N,A,-,Y,,,25,,,,,,N,Y,3,0,2,2,A,-,01,23152,A,N,C,C,A,A,H,-,C,D,0,,,,,Y,Y,A,01,0,1,1,0,0,0,0,0,0,"- ","- ",36.788581848144531,-121.31845855712891,"SAN BENITO",UNINCORPORATED,-121.31845092773438,36.788604736328125
91597737,2021,2021-10-15,9725,2021-10-12,1400,022111,,2,2,9,3500,0,1,3,,1,054,SR-25,"ENTERPRISE ROAD",0.00,,Y,A,-,N,,,25,,,,,,,Y,4,0,1,2,A,-,09,21804,A,N,D,C,A,A,H,-,A,A,0,,,,,Y,,A,07,0,0,1,0,0,0,0,0,0,"- ","- ",36.820079803466797,-121.37167358398438,"SAN BENITO",UNINCORPORATED,-121.37171936035156,36.819999694824219
91602823,2021,2021-10-21,9725,2021-10-10,1550,021837,,7,2,9,3500,0,1,2,,2,011,SR-25,"LIVE OAK RD",6336.00,S,N,A,-,Y,,,25,,,,,,,N,2,0,1,2,A,-,08,22107,,N,B,C,A,A,H,-,A,D,0,,,,,Y,,A,08,1,0,0,0,0,0,0,0,0,"- ","- ",36.639198303222656,-121.23158264160156,"SAN BENITO",UNINCORPORATED,-121.23159027099609,36.639194488525391
91611904,2021,2021-11-01,9725,2021-10-03,1015,019217,,7,1,9,3500,0,1,3,,1,051,SR-25,"CIENEGA ROAD",7392.00,S,N,A,-,Y,,,25,,,,,,,Y,2,0,1,1,A,-,03,22350,,N,F,A,A,D,H,-,E,D,0,,,Y,,Y,,C,02,1,0,0,0,0,0,0,0,1,"- ","- ",36.693458557128906,-121.2686767578125,"SAN BENITO",UNINCORPORATED,-121.26861572265625,36.693511962890625
91613468,2021,2021-11-02,9725,2021-10-26,0700,019215,,2,1,9,3500,0,1,3,,1,054,"SR-25 N/B","HUDNER ROAD",4277.00,N,N,A,-,Y,,,25,,,,,,N,Y,3,0,1,1,A,-,08,22107,,N,F,A,A,A,H,-,B,D,0,,,,Y,Y,,F,26,0,1,0,0,0,0,0,0,0,"- ","- ",36.917289733886719,-121.44821166992188,"SAN BENITO",UNINCORPORATED,-121.44837951660156,36.917118072509766
91618735,2021,2021-11-08,9725,2021-10-31,0225,022334,,7,3,9,3500,0,1,3,,1,051,"SR-25 N/B","BOLADO RD",0.69,S,N,A,-,N,,,25,,,,,,N,Y,4,0,1,1,A,-,03,22350,,N,E,I,A,A,H,-,D,D,0,,,,,Y,Y,A,08,0,0,1,0,0,0,0,0,0,"- ","- ",36.771709442138672,-121.30774688720703,"SAN BENITO",UNINCORPORATED,-121.30770111083984,36.771823883056641
91634132,2021,2021-11-24,9725,2021-11-18,0600,021774,,4,1,9,3500,0,1,3,,1,054,SR-25,"SHORE RD",0.00,,Y,A,-,N,,,25,,,,,,,N,4,0,2,2,A,-,06,21755,,N,C,C,A,A,H,-,A,D,0,,,Y,,Y,,C,02,0,0,2,0,0,0,0,0,1,"- ","- ",36.931499481201172,-121.47654724121094,"SAN BENITO",UNINCORPORATED,-121.47657775878906,36.931449890136719
91636451,2021,2021-11-29,9725,2021-11-14,0245,022317,,7,3,9,3500,0,1,3,,2,055,SR-25,SR-156,0.00,,Y,A,-,Y,,,25,,,,,,,Y,3,0,2,2,A,-,12,21453,A,F,D,2,A,A,H,-,C,A,0,,,,,Y,,A,07,0,2,0,0,0,0,0,0,0,"- ","- ",36.895591735839844,-121.42736053466797,"SAN BENITO",UNINCORPORATED,-121.42735290527344,36.895595550537109
91642590,2021,2021-12-03,9725,2021-12-02,1635,021785,,4,2,9,3500,0,1,3,,1,054,SR-25,"HUDNER LANE",50.00,S,N,A,-,Y,,,25,,,,,,,Y,3,0,1,2,A,-,03,22350,,N,C,C,A,A,H,-,B,D,0,,,,,Y,,A,01,0,1,0,0,0,0,0,0,0,"- ","- ",36.907100677490234,-121.43849182128906,"SAN BENITO",UNINCORPORATED,-121.43853759765625,36.907058715820312