CASE_ID,ACCIDENT_YEAR,PROC_DATE,JURIS,COLLISION_DATE,COLLISION_TIME,OFFICER_ID,REPORTING_DISTRICT,DAY_OF_WEEK,CHP_SHIFT,POPULATION,CNTY_CITY_LOC,SPECIAL_COND,BEAT_TYPE,CHP_BEAT_TYPE,CITY_DIVISION_LAPD,CHP_BEAT_CLASS,BEAT_NUMBER,PRIMARY_RD,SECONDARY_RD,DISTANCE,DIRECTION,INTERSECTION,WEATHER_1,WEATHER_2,STATE_HWY_IND,CALTRANS_COUNTY,CALTRANS_DISTRICT,STATE_ROUTE,ROUTE_SUFFIX,POSTMILE_PREFIX,POSTMILE,LOCATION_TYPE,RAMP_INTERSECTION,SIDE_OF_HWY,TOW_AWAY,COLLISION_SEVERITY,NUMBER_KILLED,NUMBER_INJURED,PARTY_COUNT,PRIMARY_COLL_FACTOR,PCF_CODE_OF_VIOL,PCF_VIOL_CATEGORY,PCF_VIOLATION,PCF_VIOL_SUBSECTION,HIT_AND_RUN,TYPE_OF_COLLISION,MVIW,PED_ACTION,ROAD_SURFACE,ROAD_COND_1,ROAD_COND_2,LIGHTING,CONTROL_DEVICE,CHP_ROAD_TYPE,PEDESTRIAN_ACCIDENT,BICYCLE_ACCIDENT,MOTORCYCLE_ACCIDENT,TRUCK_ACCIDENT,NOT_PRIVATE_PROPERTY,ALCOHOL_INVOLVED,STWD_VEHTYPE_AT_FAULT,CHP_VEHTYPE_AT_FAULT,COUNT_SEVERE_INJ,COUNT_VISIBLE_INJ,COUNT_COMPLAINT_PAIN,COUNT_PED_KILLED,COUNT_PED_INJURED,COUNT_BICYCLIST_KILLED,COUNT_BICYCLIST_INJURED,COUNT_MC_KILLED,COUNT_MC_INJURED,PRIMARY_RAMP,SECONDARY_RAMP,LATITUDE,LONGITUDE,COUNTY,CITY,POINT_X,POINT_Y
91645184,2021,2021-12-07,9725,2021-11-27,2015,022608,,6,2,9,3500,0,1,3,,1,051,"SR-25 NORTHBOUND","BOLADO ROAD",4224.00,S,N,A,-,Y,,,25,,,,,,N,N,3,0,1,1,A,-,01,23152,A,N,F,I,A,A,H,-,D,D,0,,,,,Y,Y,D,22,0,1,0,0,0,0,0,0,0,"- ","- ",36.770671844482422,-121.3052978515625,"SAN BENITO",UNINCORPORATED,-121.30528259277344,36.770687103271484
91645320,2021,2021-12-07,9725,2021-11-02,0400,021602,,2,3,9,3500,0,1,3,,1,054,"STATE ROUTE 25","WRIGHT ROAD",31.00,S,N,B,-,Y,,,25,,,,,,,Y,1,1,1,2,A,-,05,21460,A,N,A,C,A,B,H,-,D,D,0,,,,,Y,,A,07,0,1,0,0,0,0,0,0,0,"- ","- ",36.869468688964844,-121.40632629394531,"SAN BENITO",UNINCORPORATED,-121.40637969970703,36.869430541992188
91646397,2021,2021-12-08,9725,2021-12-07,1530,021618,,2,2,9,3500,0,1,3,,1,054,SR-25,SR-156,1584.00,N,N,A,-,Y,,,25,,,,,,,Y,4,0,1,3,A,-,03,22350,,N,C,C,A,A,H,-,A,D,0,,,,,Y,,D,22,0,0,1,0,0,0,0,0,0,"- ","- ",36.899791717529297,-121.43151092529297,"SAN BENITO",UNINCORPORATED,-121.43149566650391,36.899806976318359
91649074,2021,2021-12-10,9725,2021-12-08,2047,022217,,3,2,4,3501,0,1,3,,1,054,"SR-25 N/B","SAN FELIPE RD",600.00,S,N,A,-,Y,,,25,,,,,,N,Y,4,0,1,1,A,-,08,22107,,N,E,I,A,A,H,-,C,D,0,,,,,Y,,A,07,0,0,1,0,0,0,0,0,0,"- ","- ",36.865249633789062,-121.39904022216797,"SAN BENITO",HOLLISTER,-121.3990478515625,36.865146636962891
91650381,2021,2021-12-13,9725,2021-12-06,0015,021660,,1,3,9,3500,0,1,3,,1,054,SR-25,SR-156,1052.00,N,N,A,-,Y,,,25,,,,,,,Y,2,0,1,2,A,-,05,21651,B,N,A,C,A,A,H,-,D,D,0,,,,Y,Y,,A,01,1,0,0,0,0,0,0,0,0,"- ","- ",36.8980712890625,-121.42958831787109,"SAN BENITO",UNINCORPORATED,-121.4296875,36.897975921630859
91650393,2021,2021-12-13,9725,2021-12-07,0925,019217,,2,1,9,3500,0,1,3,,1,051,SR-25,SR-146,6864.00,N,N,A,-,Y,,,25,,,,,,,Y,3,0,1,1,A,-,08,22107,,N,F,8,A,B,H,-,A,D,0,,,,,Y,,A,07,0,1,0,0,0,0,0,0,0,"- ","- ",36.533458709716797,-121.14694213867188,"SAN BENITO",UNINCORPORATED,-121.14698791503906,36.533378601074219
91667246,2021,2021-12-31,9725,2021-12-20,1630,022339,,1,2,9,3500,0,1,3,,1,054,"SR-25 S/B","HUDNER LN",3696.00,N,N,B,-,N,,,25,,,,,,S,N,3,0,1,3,A,-,03,22350,,N,C,C,A,A,H,-,A,D,0,,,,,Y,,D,22,0,1,0,0,0,0,0,0,0,"- ","- ",36.916030883789062,-121.44735717773438,"SAN BENITO",UNINCORPORATED,-121.44732666015625,36.916061401367188
91669571,2021,2022-01-04,9725,2021-12-19,0130,021811,,7,3,9,3500,0,1,3,,1,051,SR-25,"ENTERPRISE RD",800.00,S,N,A,-,Y,,,25,,,,,,,Y,4,0,1,1,A,-,08,22107,,F,E,8,A,A,H,-,D,D,0,,,,,Y,,D,22,0,0,1,0,0,0,0,0,0,"- ","- ",36.818531036376953,-121.36888885498047,"SAN BENITO",UNINCORPORATED,-121.36896514892578,36.818405151367188
91680226,2022,2022-01-18,9725,2022-01-15,0746,021665,,6,1,9,3500,0,1,3,,1,051,"SR-25 S/B","PANOCHE RD",1056.00,S,N,A,-,Y,SBT,,25,,,39.241,H,,L,Y,4,0,1,1,A,-,08,22107,,N,F,A,A,A,H,-,A,D,0,,,,,Y,,D,22,0,0,1,0,0,0,0,0,0,"- ","- ",36.724708557128906,-121.27944183349609,"SAN BENITO",UNINCORPORATED,-121.27938842773438,36.724708557128906
91684128,2022,2022-01-24,9725,2022-01-17,1650,020742,,1,2,9,3500,0,1,3,,1,054,SR-25,"FLYNN RD.",528.00,S,N,A,-,Y,SBT,,25,,,52.784,H,,R,N,3,0,1,1,A,-,08,22107,,N,E,I,A,A,H,-,A,D,0,,,,,Y,,A,01,0,1,0,0,0,0,0,0,0,"- ","- ",36.880531311035156,-121.41400909423828,"SAN BENITO",UNINCORPORATED,-121.41410827636719,36.880481719970703
91706172,2021,2022-02-22,9725,2021-08-21,1850,020742,,6,2,9,3500,0,1,3,,1,054,SR-25,"FLYNN ROAD",810.00,N,N,A,-,Y,,,25,,,,,,,Y,1,1,6,3,A,-,08,22107,,N,D,C,A,A,H,-,A,D,0,,,,,Y,,A,01,3,3,0,0,0,0,0,0,0,"- ","- ",36.883968353271484,-121.41709899902344,"SAN BENITO",UNINCORPORATED,-121.41712188720703,36.883949279785156
91723176,2022,2022-03-15,9725,2022-03-13,0000,021811,,7,3,9,3500,0,1,3,,1,054,SR-25,"HUDNER LN",4224.00,N,N,A,-,Y,SBT,,25,,,55.959,H,,R,Y,4,0,1,1,A,-,01,23152,A,M,E,I,A,A,H,-,D,D,0,,,,,Y,Y,A,01,0,0,1,0,0,0,0,0,0,"- ","- ",36.917339324951172,-121.44841766357422,"SAN BENITO",UNINCORPORATED,-121.44853210449219,36.917270660400391
91725646,2022,2022-03-17,9725,2022-03-10,2035,020276,,4,2,9,3500,0,1,3,,1,054,"SR-25 N/B","SANTA ANA RD.",2000.00,N,N,A,-,Y,SBT,,25,,R,51.549,H,,R,N,3,0,1,1,A,-,08,22107,,N,E,I,A,A,H,-,C,D,0,,,,,Y,,A,01,0,1,0,0,0,0,0,0,0,"- ","- ",36.862689971923828,-121.39067077636719,"SAN BENITO",UNINCORPORATED,-121.39066314697266,36.862689971923828
91736918,2022,2022-03-30,9725,2022-03-23,0808,022777,,3,1,9,3500,0,1,3,,1,054,"SR-25 NORTHBOUND","SHORE ROAD",161.00,S,N,A,-,Y,SBT,,25,,,57.766,H,,R,Y,3,0,1,3,A,-,08,22107,,N,C,C,A,A,H,-,A,D,0,,,,,Y,,D,22,0,1,0,0,0,0,0,0,0,"- ","- ",36.931221008300781,-121.47592926025391,"SAN BENITO",UNINCORPORATED,-121.47597503662109,36.931159973144531
91744542,2022,2022-04-11,9725,2022-03-26,1718,022112,,6,2,9,3500,0,1,3,,1,054,SR-25,"SHORE RD",0.00,,Y,A,-,Y,SBT,,25,,,57.793,H,,R,N,4,0,1,2,A,-,09,21802,B,N,D,C,A,A,H,-,A,A,0,,,,,Y,,A,07,0,0,1,0,0,0,0,0,0,"- ","- ",36.931320190429688,-121.47643280029297,"SAN BENITO",UNINCORPORATED,-121.47640228271484,36.931362152099609
91745326,2022,2022-04-11,9725,2022-04-05,1340,019217,,2,1,9,3500,0,1,3,,1,051,SR-25,"BOLADO ROAD",4752.00,S,N,A,-,Y,SBT,,25,,,42.796,H,,R,N,2,0,1,1,A,-,08,22107,,N,F,A,A,A,H,-,A,D,0,,,Y,,Y,,C,02,1,0,0,0,0,0,0,0,1,"- ","- ",36.769119262695312,-121.30323791503906,"SAN BENITO",UNINCORPORATED,-121.30327606201172,36.769088745117188
91747117,2022,2022-04-13,9725,2022-04-10,1110,019217,,7,1,9,3500,0,1,3,,1,051,SR-25,"BOLADO ROAD",3168.00,S,N,A,-,Y,SBT,,25,,,43.120,H,,R,Y,3,0,1,1,A,-,08,22107,,N,F,A,A,A,H,-,A,D,0,,,Y,,Y,,C,02,0,1,0,0,0,0,0,0,1,"- ","- ",36.771869659423828,-121.30789184570312,"SAN BENITO",UNINCORPORATED,-121.30785369873047,36.771907806396484
91751594,2022,2022-04-19,9725,2022-04-13,1705,021665,,3,2,9,3500,0,1,3,,1,054,"SR-25 S/B","HUDNER LN",2112.00,N,N,A,-,Y,SBT,,25,,,55.599,H,,L,Y,4,0,2,2,A,-,03,22350,,N,C,C,A,A,H,-,A,D,0,,,,,Y,,A,01,0,0,2,0,0,0,0,0,0,"- ","- ",36.913150787353516,-121.44457244873047,"SAN BENITO",UNINCORPORATED,-121.44452667236328,36.913177490234375
91757570,2022,2022-04-27,9725,2022-04-20,1540,020120,,3,2,9,3500,0,1,3,,1,051,SR-25,"MURPHY RD.",151.00,N,N,A,-,Y,SBT,,25,,,40.708,H,,R,N,3,0,1,1,A,-,08,22107,,N,F,0,A,A,H,-,A,D,0,,,,,Y,,A,01,0,1,0,0,0,0,0,0,0,"- ","- ",36.745330810546875,-121.28127288818359,"SAN BENITO",UNINCORPORATED,-121.28131103515625,36.74530029296875
91758887,2022,2022-04-28,9725,2022-04-19,1500,021665,,2,2,9,3500,0,1,3,,1,051,"SR-25 S/B","MURPHY RD",2640.00,N,N,A,-,Y,SBT,,25,,,41.204,H,,L,N,4,0,1,1,A,-,08,22107,,N,E,J,A,A,H,-,A,D,0,,,,,Y,,A,01,0,0,1,0,0,0,0,0,0,"- ","- ",36.750339508056641,-121.28749084472656,"SAN BENITO",UNINCORPORATED,-121.28752899169922,36.750324249267578
91765610,2022,2022-05-05,9725,2022-04-24,2050,021665,,7,2,4,3501,0,1,3,,1,051,"SR-25 N/B","ENTERPRISE RD",528.00,N,N,A,-,Y,SBT,,25,,,48.647,H,,R,Y,2,0,3,2,A,-,03,22350,,N,C,C,A,A,H,-,C,D,0,,,,,Y,,A,01,1,2,0,0,0,0,0,0,0,"- ","- ",36.8236083984375,-121.37798309326172,"SAN BENITO",HOLLISTER,-121.37798309326172,36.8236083984375
91765678,2022,2022-05-12,9725,2022-04-25,1825,020120,,1,2,9,3500,0,1,3,,1,051,SR-25,"BOLADO RD",5280.00,S,N,A,-,Y,SBT,,25,,,42.736,H,,R,Y,2,0,1,1,A,-,01,23152,A,N,E,8,A,A,H,-,A,D,0,,,,,Y,Y,D,22,1,0,0,0,0,0,0,0,0,"- ","- ",36.768440246582031,-121.30255126953125,"SAN BENITO",UNINCORPORATED,-121.30251312255859,36.768470764160156
91791716,2022,2022-06-09,9725,2022-05-30,2140,022777,,1,2,9,3500,0,1,3,,1,054,"SR-25 S/B","SHORE ROAD",7128.00,S,N,A,-,Y,SBT,,25,,,56.458,H,,L,Y,3,0,1,1,A,-,08,22107,,N,E,I,A,A,H,-,D,D,0,,,,,Y,,A,01,0,1,0,0,0,0,0,0,0,"- ","- ",36.921520233154297,-121.4556884765625,"SAN BENITO",UNINCORPORATED,-121.45564270019531,36.921585083007812
91814232,2022,2022-07-11,9725,2022-07-01,0850,019217,,5,1,4,3501,0,1,3,,1,054,"SAN FELIPE ROAD",SR-25,0.00,,Y,A,-,Y,SBT,,25,,R,52.204,H,,L,Y,4,0,1,2,A,-,09,21800,A,N,D,C,A,A,H,-,A,A,0,,,,,Y,,A,07,0,0,1,0,0,0,0,0,0,"- ","- ",36.865081787109375,-121.40129852294922,"SAN BENITO",HOLLISTER,-121.40129089355469,36.865123748779297
91814241,2022,2022-07-11,9725,2022-07-01,1240,019217,,5,1,4,3501,0,1,3,,1,054,"SAN FELIPE ROAD",SR-25,0.00,,Y,A,-,Y,SBT,,25,,R,52.204,H,,L,Y,4,0,1,2,A,-,09,21801,B,N,A,C,A,A,H,-,A,A,0,,,,,Y,,A,01,0,0,1,0,0,0,0,0,0,"- ","- ",36.865081787109375,-121.40129852294922,"SAN BENITO",HOLLISTER,-121.40129089355469,36.865123748779297
91815294,2022,2022-07-12,9725,2022-07-05,0902,019331,,2,1,9,3500,0,1,3,,1,054,SR-25,"FLYNN RD",450.00,N,N,A,-,Y,SBT,,25,,,52.991,H,,R,Y,3,0,1,2,A,-,05,21460,A,N,A,2,A,A,H,-,A,D,0,,,,,Y,,D,22,0,1,0,0,0,0,0,0,0,"- ","- ",36.882911682128906,-121.41628265380859,"SAN BENITO",UNINCORPORATED,-121.41622924804688,36.882942199707031
91820413,2022,2022-07-19,9725,2022-07-10,1117,021811,,7,1,9,3500,0,1,3,,1,054,SR-25,"SHORE ROAD",7920.00,N,N,A,-,Y,SBT,,25,,,59.282,H,,R,Y,2,0,1,2,A,-,03,22350,,N,C,C,A,A,H,-,A,D,0,,,Y,,Y,,C,02,1,0,0,0,0,0,0,0,1,"- ","- ",36.942279815673828,-121.49967956542969,"SAN BENITO",UNINCORPORATED,-121.49962615966797,36.942348480224609
91820641,2022,2022-07-19,9725,2022-07-12,1755,022882,,2,2,9,3500,0,1,3,,1,130,"SR-25 S/B","BLOOMFIELD AVENUE",3168.00,S,N,A,-,Y,SCL,,25,,,1.124,H,,L,N,4,0,4,2,A,-,03,22350,,N,C,C,A,A,H,-,A,D,0,,,,,Y,,A,07,0,0,4,0,0,0,0,0,0,"- ","- ",36.955070495605469,-121.52982330322266,"SAN BENITO",UNINCORPORATED,-121.52973175048828,36.955123901367188
91820770,2022,2022-07-19,9725,2022-07-15,0945,019215,,5,1,9,3500,0,1,3,,1,054,"SR-25 S/B",SR-156,350.00,N,N,A,-,Y,SBT,,25,,,54.122,H,,L,N,4,0,1,2,A,-,03,22350,,N,C,C,A,A,H,-,A,A,0,,,,,Y,,A,01,0,0,1,0,0,0,0,0,0,"- ","- ",36.896438598632812,-121.42814636230469,"SAN BENITO",UNINCORPORATED,-121.42816162109375,36.896430969238281
91823054,2022,2022-07-22,9725,2022-07-15,0503,022880,,5,3,9,3500,0,1,3,,1,054,SR-25,"BOLSA ROAD",0.00,,Y,A,-,Y,SCL,,25,,,0.611,H,,R,N,4,0,3,2,A,-,09,21802,A,M,D,C,A,A,H,-,B,A,0,,,,,Y,,-,99,0,0,3,0,0,0,0,0,0,"- ","- ",36.950450897216797,-121.52265167236328,"SAN BENITO",UNINCORPORATED,-121.52262878417969,36.950515747070312
91834195,2022,2022-09-27,9725,2022-05-27,2315,022608,,5,3,9,3500,0,1,3,,1,054,SR-25,"WRIGHT ROAD",547.00,S,N,A,-,Y,SBT,,25,,,51.815,H,,R,Y,1,1,1,2,A,-,01,23152,A,N,A,C,A,A,H,-,D,D,0,,,,,Y,Y,D,22,0,1,0,0,0,0,0,0,0,"- ","- ",36.868328094482422,-121.40534210205078,"SAN BENITO",UNINCORPORATED,-121.4053955078125,36.868297576904297
91836624,2022,2022-08-09,9725,2022-07-24,0215,022112,,7,3,9,3500,0,1,3,,1,051,SR-25,"DAN DRIVE",935.00,S,N,A,-,Y,SBT,,25,,,47.005,H,,R,Y,1,1,0,1,A,-,08,22107,,N,E,I,A,A,H,-,D,D,0,,,,,Y,,A,01,0,0,0,0,0,0,0,0,0,"- ","- ",36.813560485839844,-121.35147094726562,"SAN BENITO",UNINCORPORATED,-121.35141754150391,36.813632965087891
91836671,2022,2022-08-09,9725,2022-08-01,0700,021665,,1,1,9,3500,0,1,3,,1,054,"SR-25 N/B","SHORE RD",5280.00,S,N,B,-,Y,SBT,,25,,,56.689,H,,R,Y,4,0,1,2,A,-,03,22350,,N,C,C,A,B,H,-,A,D,0,,,,,Y,,A,01,0,0,1,0,0,0,0,0,0,"- ","- ",36.923370361328125,-121.45916748046875,"SAN BENITO",UNINCORPORATED,-121.45923614501953,36.923274993896484
91838100,2022,2022-09-07,9725,2022-08-04,1015,021665,,4,1,9,3500,0,1,3,,1,051,SR-25,"3RD ST",0.00,,Y,A,-,Y,SBT,,25,,,44.563,H,,R,Y,4,0,1,2,A,-,09,21802,A,N,D,C,A,A,H,-,A,A,0,,,,,Y,,A,07,0,0,1,0,0,0,0,0,0,"- ","- ",36.789279937744141,-121.31993865966797,"SAN BENITO",UNINCORPORATED,-121.31990051269531,36.789337158203125
91850896,2022,2022-08-26,9725,2022-08-25,1908,021618,,4,2,9,3500,0,1,3,,1,054,"SR-25 N/B","SHORE ROAD",1584.00,N,N,A,-,Y,SBT,,25,,,58.110,H,,R,Y,3,0,2,2,A,-,03,22350,,N,C,C,A,A,H,-,A,D,0,,,,,Y,,A,01,0,1,1,0,0,0,0,0,0,"- ","- ",36.933750152587891,-121.48130035400391,"SAN BENITO",UNINCORPORATED,-121.48133850097656,36.933696746826172
91857427,2022,2022-09-06,9725,2022-08-25,1700,022339,,4,2,9,3500,0,1,3,,1,054,"SR-25 S/B","SHORE ROAD",2112.00,N,N,A,-,Y,SBT,,25,,,58.263,H,,L,Y,2,0,10,7,A,-,03,22350,,N,C,C,A,A,H,-,A,D,0,,,,Y,Y,,G,25,3,2,5,0,0,0,0,0,0,"- ","- ",36.934810638427734,-121.48372650146484,"SAN BENITO",UNINCORPORATED,-121.48371887207031,36.934822082519531
91859349,2022,2022-09-08,9725,2022-08-29,1755,022339,,1,2,9,3500,0,1,3,,1,054,"SR-25 SOUTHBOUND","SHORE ROAD",6864.00,N,N,A,-,Y,SBT,,25,,,59.162,H,,L,Y,3,0,2,3,A,-,03,22350,,N,C,C,A,A,H,-,A,D,0,,,,,Y,,A,01,0,2,0,0,0,0,0,0,0,"- ","- ",36.941459655761719,-121.49774932861328,"SAN BENITO",UNINCORPORATED,-121.49774169921875,36.941471099853516
91861439,2022,2022-09-12,9725,2022-09-01,1720,020276,,4,2,9,3500,0,1,3,,1,051,SR-25,"CIENEGA RD.",1800.00,S,N,A,-,Y,SBT,,25,,,38.085,H,,R,Y,3,0,1,1,A,-,03,22350,,N,E,I,A,A,H,-,A,D,0,,,,,Y,,A,01,0,1,0,0,0,0,0,0,0,"- ","- ",36.708198547363281,-121.27644348144531,"SAN BENITO",UNINCORPORATED,-121.27631378173828,36.708213806152344
91865096,2022,2022-09-15,9725,2022-09-08,0823,022880,,4,1,9,3500,0,1,3,,1,054,"SR-25 S/B","HUDNER LANE",2112.00,N,N,A,-,Y,SBT,,25,,,55.638,H,,L,Y,4,0,1,2,A,-,03,22350,,N,C,C,A,A,H,-,A,D,0,,,,,Y,,D,22,0,0,1,0,0,0,0,0,0,"- ","- ",36.913608551025391,-121.44497680664062,"SAN BENITO",UNINCORPORATED,-121.44496154785156,36.913619995117188
91866443,2022,2022-10-18,9725,2022-09-08,0720,019331,,4,1,9,3500,0,1,3,,1,054,"SR-25 N/B","HUDNER LN",2640.00,N,N,A,-,Y,SBT,,25,,,55.691,H,,R,Y,3,0,3,3,A,-,03,22350,,N,C,C,A,A,H,-,A,D,0,,,,,Y,,A,01,0,1,2,0,0,0,0,0,0,"- ","- ",36.914260864257812,-121.44550323486328,"SAN BENITO",UNINCORPORATED,-121.44554901123047,36.914230346679688
91866913,2022,2022-10-04,9725,2022-09-09,0602,022880,,5,1,4,3501,0,1,3,,1,054,SR-25,"BRIGGS ROAD",92.00,S,N,A,-,Y,SBT,,25,,,52.584,H,,R,Y,3,0,1,2,A,-,08,22107,,N,A,C,A,A,H,-,B,D,0,,,,,Y,,A,01,0,1,0,0,0,0,0,0,0,"- ","- ",36.8779296875,-121.41243743896484,"SAN BENITO",HOLLISTER,-121.41249084472656,36.877910614013672
91869000,2022,2022-09-20,9725,2022-09-14,1715,022985,,3,2,9,3500,0,1,3,,1,054,"SR-25 NORTHBOUND",SR-156,19.00,S,N,A,-,Y,SBT,,25,,,54.038,H,,R,N,4,0,1,2,A,-,03,22350,,N,C,C,A,A,H,-,A,A,0,,,,,Y,,D,22,0,0,1,0,0,0,0,0,0,"- ","- ",36.895519256591797,-121.42714691162109,"SAN BENITO",UNINCORPORATED,-121.42723083496094,36.895469665527344
91872301,2022,2022-09-23,9725,2022-09-14,1827,022985,,3,2,9,3500,0,1,3,,1,054,"SR-25 SOUTHBOUND","HUDNER LANE",1584.00,N,N,A,-,Y,SBT,,25,,,55.476,H,,L,N,4,0,2,2,A,-,03,22350,,N,C,C,A,A,H,-,A,D,0,,,,,Y,,A,08,0,0,2,0,0,0,0,0,0,"- ","- ",36.911781311035156,-121.44313812255859,"SAN BENITO",UNINCORPORATED,-121.44315338134766,36.911773681640625
91887709,2022,2022-10-11,9725,2022-10-07,0700,022608,,5,1,9,3500,0,1,3,,1,054,"SR-25 NORTHBOUND","SHORE ROAD",1584.00,S,N,E,-,Y,SBT,,25,,,57.460,H,,R,Y,3,0,2,3,A,-,03,22350,,N,C,C,A,B,H,-,A,D,0,,,,,Y,,D,22,0,2,0,0,0,0,0,0,0,"- ","- ",36.928970336914062,-121.47119140625,"SAN BENITO",UNINCORPORATED,-121.47122192382812,36.928932189941406
91888235,2022,2022-10-12,9725,2022-10-03,1740,020120,,1,2,9,3500,0,1,3,,1,051,SR-25,"ENTERPRISE RD.",0.00,,Y,A,-,Y,SBT,,25,,,48.173,H,,R,Y,3,0,3,2,A,-,09,21802,A,N,D,C,A,A,H,-,A,A,0,,,,,Y,,A,01,0,2,1,0,0,0,0,0,0,"- ","- ",36.820030212402344,-121.37161254882812,"SAN BENITO",UNINCORPORATED,-121.37166595458984,36.819969177246094
91894551,2022,2022-10-19,9725,2022-10-12,1415,022985,,3,2,4,3501,0,1,3,,1,054,"SR-25 NORTHBOUND","BOLSA ROAD",3960.00,S,N,A,-,Y,SBT,,25,,,59.928,H,,R,N,4,0,1,2,A,-,03,22350,,N,C,C,A,A,H,-,A,D,0,,,,,Y,,A,01,0,0,1,0,0,0,0,0,0,"- ","- ",36.947128295898438,-121.50965118408203,"SAN BENITO",HOLLISTER,-121.50966644287109,36.947101593017578
91896054,2022,2022-10-21,9725,2022-10-12,0500,022827,,3,3,9,3500,0,1,3,,1,130,SR-25,"BLOOMFIELD AVE",1056.00,S,N,A,-,Y,SCL,,25,,,1.422,H,,R,N,3,0,1,4,A,-,03,22350,,N,C,C,A,A,H,-,D,D,0,,,,,Y,,D,22,0,1,0,0,0,0,0,0,0,"- ","- ",36.958541870117188,-121.5330810546875,"SAN BENITO",UNINCORPORATED,-121.53314208984375,36.958499908447266
91900759,2022,2022-10-27,9725,2022-10-16,1850,022985,,7,2,4,3501,0,1,3,,1,054,"SR-25 SOUTHBOUND",SR-156,150.00,S,N,A,-,Y,SBT,,25,,,53.941,H,,L,N,4,0,1,2,A,-,07,21658,A,N,B,C,A,A,H,-,C,D,0,,,,,Y,,A,01,0,0,1,0,0,0,0,0,0,"- ","- ",36.894340515136719,-121.42613220214844,"SAN BENITO",HOLLISTER,-121.42613220214844,36.894340515136719
91914627,2022,2022-11-10,9725,2022-11-03,1330,018458,,4,1,9,3500,0,1,3,,1,054,SR-25,SR-156,0.00,,Y,A,-,Y,SBT,,25,,,54.045,H,,R,Y,2,0,2,2,A,-,12,21453,A,N,A,C,A,A,H,-,A,A,0,,,,,Y,,A,01,1,1,0,0,0,0,0,0,0,"- ","- ",36.89556884765625,-121.42729949951172,"SAN BENITO",UNINCORPORATED,-121.42731475830078,36.895557403564453
91924112,2022,2022-11-22,9725,2022-11-11,0008,022111,,5,3,9,3500,0,1,3,,1,054,SR-25,"SHORE ROAD",8448.00,N,N,A,-,Y,SBT,,25,,,59.417,H,,R,Y,3,0,1,2,A,-,03,22350,,F,C,C,A,A,H,-,D,D,0,,,,,Y,Y,-,99,0,1,0,0,0,0,0,0,0,"- ","- ",36.943401336669922,-121.50169372558594,"SAN BENITO",UNINCORPORATED,-121.50173187255859,36.943340301513672
91933717,2022,2022-12-05,9725,2022-11-19,2243,022836,,6,3,9,3500,0,1,3,,1,054,"SR-25 S/B",SR-156,265.00,N,N,A,-,Y,SBT,,25,,,54.120,H,,L,Y,4,0,1,3,A,-,01,23152,A,N,C,C,A,A,H,-,D,A,0,,,,,Y,Y,A,01,0,0,1,0,0,0,0,0,0,"- ","- ",36.896350860595703,-121.42823028564453,"SAN BENITO",UNINCORPORATED,-121.42813873291016,36.896404266357422