CASE_ID,ACCIDENT_YEAR,PROC_DATE,JURIS,COLLISION_DATE,COLLISION_TIME,OFFICER_ID,REPORTING_DISTRICT,DAY_OF_WEEK,CHP_SHIFT,POPULATION,CNTY_CITY_LOC,SPECIAL_COND,BEAT_TYPE,CHP_BEAT_TYPE,CITY_DIVISION_LAPD,CHP_BEAT_CLASS,BEAT_NUMBER,PRIMARY_RD,SECONDARY_RD,DISTANCE,DIRECTION,INTERSECTION,WEATHER_1,WEATHER_2,STATE_HWY_IND,CALTRANS_COUNTY,CALTRANS_DISTRICT,STATE_ROUTE,ROUTE_SUFFIX,POSTMILE_PREFIX,POSTMILE,LOCATION_TYPE,RAMP_INTERSECTION,SIDE_OF_HWY,TOW_AWAY,COLLISION_SEVERITY,NUMBER_KILLED,NUMBER_INJURED,PARTY_COUNT,PRIMARY_COLL_FACTOR,PCF_CODE_OF_VIOL,PCF_VIOL_CATEGORY,PCF_VIOLATION,PCF_VIOL_SUBSECTION,HIT_AND_RUN,TYPE_OF_COLLISION,MVIW,PED_ACTION,ROAD_SURFACE,ROAD_COND_1,ROAD_COND_2,LIGHTING,CONTROL_DEVICE,CHP_ROAD_TYPE,PEDESTRIAN_ACCIDENT,BICYCLE_ACCIDENT,MOTORCYCLE_ACCIDENT,TRUCK_ACCIDENT,NOT_PRIVATE_PROPERTY,ALCOHOL_INVOLVED,STWD_VEHTYPE_AT_FAULT,CHP_VEHTYPE_AT_FAULT,COUNT_SEVERE_INJ,COUNT_VISIBLE_INJ,COUNT_COMPLAINT_PAIN,COUNT_PED_KILLED,COUNT_PED_INJURED,COUNT_BICYCLIST_KILLED,COUNT_BICYCLIST_INJURED,COUNT_MC_KILLED,COUNT_MC_INJURED,PRIMARY_RAMP,SECONDARY_RAMP,LATITUDE,LONGITUDE,COUNTY,CITY,POINT_X,POINT_Y
91938314,2022,2022-12-09,9725,2022-12-06,1630,021618,,2,2,9,3500,0,1,3,,1,054,"SR-25 S/B","SHORE ROAD",6600.00,N,N,B,-,Y,SBT,,25,,,59.060,H,,L,Y,3,0,1,2,A,-,03,22350,,N,C,C,A,A,H,-,A,D,0,,,,,Y,,A,01,0,1,0,0,0,0,0,0,0,"- ","- ",36.940708160400391,-121.49616241455078,"SAN BENITO",UNINCORPORATED,-121.49615478515625,36.940719604492188
91943287,2022,2022-12-15,9725,2022-12-08,1240,021665,,4,1,9,3500,0,1,3,,1,054,"SR-25 S/B",SR-156,150.00,N,N,A,-,Y,SBT,,25,,,54.075,H,,L,N,4,0,1,2,A,-,03,22350,,N,C,C,A,A,H,-,A,D,0,,,,,Y,,D,22,0,0,1,0,0,0,0,0,0,"- ","- ",36.895889282226562,-121.42765808105469,"SAN BENITO",UNINCORPORATED,-121.42765045166016,36.895896911621094
91948966,2022,2022-12-22,9725,2022-12-14,2058,021811,,3,2,9,3500,0,1,3,,1,054,SR-25,SR-156,528.00,N,N,A,-,Y,SBT,,25,,,54.170,H,,R,Y,4,0,2,3,A,-,01,23152,A,N,C,2,A,A,D,E,D,A,0,,,,,Y,Y,A,01,0,0,2,0,0,0,0,0,0,"- ","- ",36.896930694580078,-121.42874908447266,"SAN BENITO",UNINCORPORATED,-121.42868804931641,36.896968841552734
91949701,2022,2023-06-22,9725,2022-10-09,0320,022334,,7,3,9,3500,0,1,3,,1,054,"SR-25 S/B","BRIGGS ROAD",107.00,S,N,E,-,Y,SBT,,25,,,52.172,H,,L,Y,1,1,1,1,A,-,01,23152,A,N,E,I,A,A,H,-,D,D,0,,,,,Y,Y,A,01,1,0,0,0,0,0,0,0,0,"- ","- ",36.872379302978516,-121.40901947021484,"SAN BENITO",UNINCORPORATED,-121.40899658203125,36.872394561767578
91953080,2022,2022-12-27,9725,2022-12-24,1124,022869,,6,1,9,3500,0,1,3,,1,054,SR-25,"SHORE RD",3168.00,S,N,A,-,Y,SBT,,25,,,57.072,H,,R,N,4,0,1,2,A,-,03,22350,,N,C,C,A,A,H,-,A,D,0,,,,,Y,,A,01,0,0,1,0,0,0,0,0,0,"- ","- ",36.926078796386719,-121.46517944335938,"SAN BENITO",UNINCORPORATED,-121.46517944335938,36.926078796386719
91956765,2022,2022-12-30,9735,2022-11-06,1050,022883,,7,1,9,3500,0,1,3,,2,052,SR-25,"LEWIS CREEK RD",10560.00,N,N,A,-,Y,SBT,,25,,,0.834,H,,R,Y,1,1,0,1,A,-,03,22350,,N,F,A,A,A,H,-,A,D,0,,,,,Y,,A,01,0,0,0,0,0,0,0,0,0,"- ","- ",36.313358306884766,-120.92861938476562,"SAN BENITO",UNINCORPORATED,-120.92866516113281,36.313339233398438
91966477,2023,2023-01-12,9725,2023-01-05,"120 ",022334,,4,3,9,3500,0,1,3,,1,051,"SR-25 N/B","MURPHY RD",845.00,S,N,C,-,Y,SBT,,25," "," ",40.525,H,,R,N,4,0,1,1,A,-,08,22107,,N,E,I,A,B,H,-,D,D,0,,,,,Y,,D,22,0,0,1,0,0,0,0,0,0,"- ","- ",36.743049621582031,-121.28041076660156,"SAN BENITO",UNINCORPORATED,-121.28052520751953,36.743064880371094
91968901,2023,2023-01-16,9725,2023-01-03,1900,022985,,2,2,4,3501,0,1,3,,1,054,"SR-25 NORTHBOUND","HUDNER LANE",792.00,N,N,B,-,Y,SBT,,25," "," ",55.258,H,,R,N,4,0,1,2,A,-,08,22107,,M,B,C,A,A,H,-,D,D,0,,,,,Y,,-,99,0,0,1,0,0,0,0,0,0,"- ","- ",36.909339904785156,-121.44065856933594,"SAN BENITO",HOLLISTER,-121.44073486328125,36.909294128417969
91969495,2023,2023-01-17,9725,2023-01-08,1904,022985,,7,2,9,3500,0,1,3,,1,130,"SR-25 NORTHBOUND","BOLSA ROAD",0.00,,Y,B,-,Y,SCL,,25," "," ",0.650,H,,R,N,4,0,2,2,A,-,09,21802,A,N,D,C,A,B,H,-,D,A,0,,,,,Y,,A,01,0,0,2,0,0,0,0,0,0,"- ","- ",36.950721740722656,-121.52329254150391,"SAN BENITO",UNINCORPORATED,-121.52330780029297,36.950675964355469
91975523,2023,2023-01-24,9725,2023-01-19,1513,021811,,4,2,9,3500,0,1,3,,1,051,SR-25,"QUIEN SABE RD",10.00,N,N,A,-,Y,SBT,,25," "," ",44.342,H,,R,Y,4,0,1,2,A,-,03,22350,,F,C,C,A,A,H,-,A,D,0,,,,,Y,,D,22,0,0,1,0,0,0,0,0,0,"- ","- ",36.7877197265625,-121.31680297851562,"SAN BENITO",UNINCORPORATED,-121.31678771972656,36.787731170654297
91980238,2023,2023-01-27,9725,2023-01-26,"40  ",022836,,4,3,9,3500,0,1,3,,1,054,SR-25,"BOLSA ROAD",7181.00,S,N,A,-,Y,SBT,,25," "," ",59.337,H,,R,Y,4,0,1,1,A,-,08,22107,,N,E,I,A,A,H,-,D,D,0,,,,,Y,,A,07,0,0,1,0,0,0,0,0,0,"- ","- ",36.942768096923828,-121.50045776367188,"SAN BENITO",UNINCORPORATED,-121.50047302246094,36.9427490234375
91980606,2023,2023-01-27,9725,2023-01-17,1035,021529,,2,1,9,3500,0,1,3,,1,054,"SR-25 N/B","SHORE ROAD",2200.00,N,N,A,-,Y,SBT,,25," "," ",59.228,H,,R,N,4,0,4,3,A,-,03,22350,,N,C,C,A,A,H,-,A,D,0,,,,,Y,,A,08,0,0,4,0,0,0,0,0,0,"- ","- ",36.942008972167969,-121.49873352050781,"SAN BENITO",UNINCORPORATED,-121.49877166748047,36.941951751708984
91981688,2023,2023-01-30,9725,2023-01-20,1348,022339,,5,1,9,3500,0,1,3,,1,054,"SR-25 S/B","HUDNER LN",1056.00,S,N,A,-,Y,SBT,,25," "," ",54.915,H,,L,N,4,0,2,2,A,-,03,22350,,N,C,C,A,A,H,-,A,D,0,,,,,Y,,A,01,0,0,2,0,0,0,0,0,0,"- ","- ",36.905410766601562,-121.43692779541016,"SAN BENITO",UNINCORPORATED,-121.43694305419922,36.905399322509766
91981690,2023,2023-01-30,9725,2023-01-22,1415,022339,,7,2,9,3500,0,1,3,,1,054,"SR-25 NORTHBOUND",SR-146,41184.00,N,N,A,-,Y,SBT,,25," ",R,29.485,H,,R,Y,3,0,2,1,A,-,08,22107,,N,F,A,A,A,H,-,A,D,0,,,,,Y,,A,01,0,2,0,0,0,0,0,0,0,"- ","- ",36.609081268310547,-121.20346832275391,"SAN BENITO",UNINCORPORATED,-121.20352935791016,36.609035491943359
91987831,2023,2023-02-06,9725,2023-01-27,1445,022339,,5,2,9,3500,0,1,3,,1,054,"SR-25 NORTHBOUND","WRIGHT RD",0.00,,Y,A,-,Y,SBT,,25," "," ",51.921,H,,R,Y,4,0,1,2,A,-,09,21802,A,N,D,C,A,A,H,-,A,A,0,,,,,Y,,A,01,0,0,1,0,0,0,0,0,0,"- ","- ",36.869579315185547,-121.40647125244141,"SAN BENITO",UNINCORPORATED,-121.406494140625,36.86956787109375
91992774,2023,2023-02-13,9725,2023-02-03,1000,023169,,5,1,9,3500,0,1,3,,1,051,SR-25,"MURPHY RD",1056.00,N,N,A,-,Y,SBT,,25," "," ",40.971,H,,R,Y,3,0,1,2,A,-,05,21460,A,N,A,C,A,A,H,-,A,D,0,,,,,Y,,A,01,0,1,0,0,0,0,0,0,0,"- ","- ",36.747440338134766,-121.28529357910156,"SAN BENITO",UNINCORPORATED,-121.28530120849609,36.747432708740234
91994271,2023,2023-02-14,9725,2023-02-05,"650 ",021529,,7,1,9,3500,0,1,3,,1,054,SR-25,SR-156,0.00,,Y,C,-,Y,SBT,,25," "," ",54.055,H,,R,Y,3,0,2,2,A,-,12,21453,A,N,D,C,A,A,H,-,A,A,0,,,,,Y,,A,07,0,2,0,0,0,0,0,0,0,"- ","- ",36.895721435546875,-121.42733001708984,"SAN BENITO",UNINCORPORATED,-121.42742156982422,36.895664215087891
91997032,2023,2023-02-17,9725,2023-02-11,2000,021321,,6,2,9,3500,0,1,3,,1,054,"STATE ROUTE 25","WRIGHT RD",0.00,,Y,A,-,Y,SBT,,25," "," ",51.922,H,,R,N,4,0,1,2,A,-,09,21802,A,N,D,C,A,A,H,-,C,D,0,,,,,Y,Y,D,22,0,0,1,0,0,0,0,0,0,"- ","- ",36.869590759277344,-121.40647888183594,"SAN BENITO",UNINCORPORATED,-121.40650177001953,36.869575500488281
91999224,2023,2023-02-21,9725,2023-02-17,1735,021321,,5,2,9,3500,0,1,3,,1,130,"STATE ROUTE 25","BOLSA ROAD",500.00,N,N,A,-,Y,SCL,,25," "," ",0.763,H,,R,N,4,0,2,2,A,-,08,22107,,N,D,C,A,A,H,-,A,D,0,,,,,Y,,A,07,0,0,2,0,0,0,0,0,0,"- ","- ",36.951328277587891,-121.52519989013672,"SAN BENITO",UNINCORPORATED,-121.52518463134766,36.95135498046875
92037383,2023,2023-04-05,9725,2023-03-25,2050,022827,,6,2,9,3500,0,1,3,,1,054,"SR-25 S/B",SR-156,820.00,N,N,A,-,Y,SBT,,25," "," ",54.201,H,,L,N,4,0,1,2,A,-,03,22350,,N,C,C,A,A,H,-,D,D,0,,,,,Y,,D,22,0,0,1,0,0,0,0,0,0,"- ","- ",36.8973388671875,-121.42902374267578,"SAN BENITO",UNINCORPORATED,-121.42903900146484,36.897331237792969
92043058,2023,2023-04-12,9725,2023-04-05,1345,021321,,3,1,9,3500,0,1,3,,1,054,"STATE ROUTE 25","STATE ROUTE 156",0.00,,Y,A,-,Y,SBT,,25," "," ",54.048,H,,R,N,4,0,2,2,A,-,17,21451,A,N,D,C,A,A,H,-,A,A,0,,,,,Y,,A,07,0,0,2,0,0,0,0,0,0,"- ","- ",36.8956298828125,-121.42726898193359,"SAN BENITO",UNINCORPORATED,-121.42734527587891,36.895584106445312
92043070,2023,2023-04-12,9725,2023-04-05,1430,021321,,3,2,9,3500,0,1,3,,1,054,"STATE ROUTE 25","STATE ROUTE 156",3696.00,N,N,A,-,Y,SBT,,25," "," ",54.737,H,,R,N,4,0,4,3,A,-,08,22107,,N,A,C,A,A,H,-,A,D,0,,,,,Y,,D,22,0,0,4,0,0,0,0,0,0,"- ","- ",36.903369903564453,-121.43502044677734,"SAN BENITO",UNINCORPORATED,-121.43498992919922,36.903392791748047
92043541,2023,2023-04-12,9725,2023-03-30,1550,023192,,4,2,9,3500,0,1,3,,1,051,"SR-25 S/B","PANOCHE RD",264.00,S,N,A,-,Y,SBT,,25," "," ",39.048,H,,L,N,3,0,1,1,A,-,08,22107,,N,E,8,A,A,H,-,A,D,0,,,,,Y,,-,"- ",0,1,0,0,0,0,0,0,0,"- ","- ",36.721981048583984,-121.27883148193359,"SAN BENITO",UNINCORPORATED,-121.27887725830078,36.721973419189453
92047619,2023,2023-04-18,9725,2023-04-13,1930,021321,,4,2,9,3500,0,3,5,,2,007,"CIENEGA RD","STATE ROUTE 25",45.00,W,N,A,-,Y,SBT,,25," "," ",38.404,H,,R,N,4,0,2,2,A,-,01,23152,A,N,A,C,A,A,H,-,B,D,0,,,,,Y,Y,D,22,0,0,2,0,0,0,0,0,0,"- ","- ",36.712810516357422,-121.27725219726562,"SAN BENITO",UNINCORPORATED,-121.27700805664062,36.712833404541016
92057792,2023,2024-06-04,9725,2023-04-19,"615 ",021665,,3,1,9,3500,0,1,3,,1,054,"SR-25 S/B","HUDNER LN",1584.00,S,N,A,-,Y,SBT,,25," "," ",54.759,H,,L,Y,4,0,1,2,A,-,09,21801,A,N,A,C,A,A,H,-,A,D,0,,,,,Y,,-,"- ",0,0,1,0,0,0,0,0,0,"- ","- ",36.903621673583984,-121.43524169921875,"SAN BENITO",UNINCORPORATED,-121.43521881103516,36.903633117675781
92057797,2023,2023-05-01,9725,2023-04-07,1925,023192,,5,2,9,3500,0,1,3,,1,054,SR-25,SR-156,0.00,,Y,B,-,Y,SBT,,25," "," ",54.040,H,,R,Y,2,0,2,2,A,-,03,22350,,M,C,C,A,A,H,-,A,A,0,,,,,Y,Y,D,22,1,1,0,0,0,0,0,0,0,"- ","- ",36.895530700683594,-121.42720794677734,"SAN BENITO",UNINCORPORATED,-121.42726135253906,36.895500183105469
92059950,2023,2023-05-03,9725,2023-04-25,"620 ",023192,,2,1,9,3500,0,1,3,,1,054,"SR-25 S/B","WRIGHT ROAD",0.00,,Y,A,-,Y,SBT,,25," "," ",51.923,H,,L,Y,4,0,2,2,A,-,09,21802,A,N,D,C,A,A,H,-,A,A,0,,,,,Y,,D,22,0,0,2,0,0,0,0,0,0,"- ","- ",36.869579315185547,-121.40653228759766,"SAN BENITO",UNINCORPORATED,-121.40650939941406,36.869590759277344
92068907,2023,2023-05-15,9725,2023-05-10,1608,023192,,3,2,9,3500,0,1,3,,2,055,SR-25,"SHORE RD",2640.00,S,N,A,-,Y,SBT,,25," "," ",57.291,H,,R,Y,4,0,2,3,A,-,03,22350,,N,C,C,A,A,H,-,A,D,0,,,,,Y,,A,01,0,0,2,0,0,0,0,0,0,"- ","- ",36.927639007568359,-121.4686279296875,"SAN BENITO",UNINCORPORATED,-121.46858978271484,36.927688598632812
92074241,2023,2023-05-22,9725,2023-05-16,1329,022571,,2,1,9,3500,0,1,3,,1,051,SR-25,"WILLOW CREEK 112 RD",4488.00,N,N,A,-,Y,SBT,,25," "," ",29.054,H,,R,Y,3,0,2,1,A,-,08,22107,,N,E,I,A,A,H,-,A,D,0,,,,,Y,,A,01,0,2,0,0,0,0,0,0,0,"- ","- ",36.604728698730469,-121.19757843017578,"SAN BENITO",UNINCORPORATED,-121.19754791259766,36.604751586914062
92091372,2023,2023-06-12,9725,2023-06-07,1544,021321,,3,2,9,3500,0,1,3,,1,051,"STATE ROUTE 25","BOLADO RD",1500.00,S,N,A,-,Y,SBT,,25," "," ",43.491,H,,R,N,4,0,1,1,A,-,08,22107,,N,B,I,A,A,H,-,A,D,0,,,,,Y,,A,01,0,0,1,0,0,0,0,0,0,"- ","- ",36.776679992675781,-121.31072235107422,"SAN BENITO",UNINCORPORATED,-121.310791015625,36.776660919189453
92093835,2023,2023-06-14,9725,2023-06-04,"925 ",021529,,7,1,9,3500,0,1,3,,1,051,"SR-25 N/B","MURPHY RD",389.00,S,N,A,-,Y,SBT,,25," "," ",40.627,H,,R,Y,2,0,2,1,A,-,03,22350,,N,E,I,A,A,H,-,A,D,0,,,,,Y,,A,07,1,1,0,0,0,0,0,0,0,"- ","- ",36.744400024414062,-121.28061676025391,"SAN BENITO",UNINCORPORATED,-121.28067779541016,36.744384765625
92094556,2023,2023-06-15,9725,2023-06-09,1315,018458,,5,1,9,3500,0,1,3,,1,054,SR-25,"HUDNER LANE",1584.00,S,N,A,-,Y,SBT,,25," "," ",54.985,H,,R,Y,4,0,1,1,C,-,18,,,N,E,I,A,A,H,-,A,D,0,,,,,Y,,-,"- ",0,0,1,0,0,0,0,0,0,"- ","- ",36.906280517578125,-121.43756866455078,"SAN BENITO",UNINCORPORATED,-121.43771362304688,36.906192779541016
92100340,2023,2023-06-23,9725,2023-06-11,"0   ",022985,,7,3,4,3501,0,1,3,,1,054,SR-25,"BOLSA ROAD",6072.00,S,N,A,-,Y,SBT,,25," "," ",59.557,H,,R,Y,2,0,1,2,A,-,01,23152,A,N,C,C,A,A,H,-,D,D,0,,,Y,,Y,Y,C,02,1,0,0,0,0,0,0,0,1,"- ","- ",36.944400787353516,-121.50389099121094,"SAN BENITO",HOLLISTER,-121.50390625,36.944381713867188
92100823,2023,2023-06-23,9725,2023-06-19,"650 ",018458,,1,1,9,3500,0,1,3,,1,054,SR-25,"SAN FELIPE ROAD",0.00,,Y,A,-,Y,SBT,,25," ",R,52.219,H,,R,Y,4,0,3,2,A,-,12,21453,A,N,D,C,A,A,H,-,A,A,0,,,,,Y,,D,22,0,0,3,0,0,0,0,0,0,"- ","- ",36.865268707275391,-121.40151214599609,"SAN BENITO",UNINCORPORATED,-121.40150451660156,36.865280151367188
92100832,2023,2023-06-23,9725,2023-06-20,"545 ",018458,,2,3,9,3500,0,1,3,,1,054,SR-25,"SHORE ROAD",0.00,,Y,A,-,Y,SBT,,25," "," ",57.823,H,,R,Y,4,0,1,2,A,-,03,22350,,N,C,C,A,A,H,-,A,D,0,,,,,Y,,A,01,0,0,1,0,0,0,0,0,0,"- ","- ",36.931610107421875,-121.47683715820312,"SAN BENITO",UNINCORPORATED,-121.47685241699219,36.931587219238281
92113385,2023,2023-07-10,9725,2023-07-06,1810,021321,,4,2,9,3500,0,1,3,,1,054,"STATE ROUTE 25","HUDNER LN",0.00,,Y,A,-,Y,SBT,,25," "," ",55.132,H,,R,N,4,0,1,2,A,-,06,21755,A,N,D,C,A,A,H,-,A,D,0,,,Y,,Y,,C,02,0,0,1,0,0,0,0,0,1,"- ","- ",36.907848358154297,-121.43936920166016,"SAN BENITO",UNINCORPORATED,-121.43932342529297,36.907875061035156
92113398,2023,2023-07-10,9725,2023-07-06,2020,021321,,4,2,9,3500,0,1,3,,1,054,"STATE ROUTE 25","FRAZER LAKE RD",300.00,N,N,A,-,Y,SBT,,25," "," ",56.210,H,,R,N,3,0,1,2,A,-,03,22350,,N,B,C,A,A,H,-,B,D,0,,,Y,,Y,,C,02,0,1,0,0,0,0,0,0,1,"- ","- ",36.919769287109375,-121.45179748535156,"SAN BENITO",UNINCORPORATED,-121.45183563232422,36.919731140136719
92119675,2023,2023-07-18,9725,2023-07-17,"930 ",022827,,1,1,9,3500,0,1,3,,1,054,SR-25,SR-156,820.00,N,N,A,-,Y,SBT,,25," "," ",54.201,H,,R,N,4,0,1,2,A,-,03,22350,,N,C,C,A,A,H,-,A,D,0,,,,,Y,,A,07,0,0,1,0,0,0,0,0,0,"- ","- ",36.8973388671875,-121.42902374267578,"SAN BENITO",UNINCORPORATED,-121.42903900146484,36.897331237792969
92124174,2023,2023-07-24,9725,2023-07-14,1325,021665,,5,1,9,3500,0,1,3,,1,054,SR-25,SR-156,528.00,N,N,A,-,Y,SBT,,25," "," ",54.701,H,,R,Y,3,0,2,2,A,-,05,21460,A,N,A,C,A,A,H,-,A,D,0,,,,,Y,,A,01,0,1,1,0,0,0,0,0,0,"- ","- ",36.902980804443359,-121.43459320068359,"SAN BENITO",UNINCORPORATED,-121.43458557128906,36.902980804443359
92126953,2023,2023-07-26,9735,2023-07-15,1245,016696,,6,1,9,3500,0,3,5,,2,003,"RT 25","LEWIS CREEK ROAD",2112.00,N,N,A,-,Y,SBT,,25," "," ",0.867,H,,R,Y,3,0,1,1,A,-,08,22107,,N,E,I,A,A,H,-,A,D,0,,,Y,,Y,,-,"- ",0,1,0,0,0,0,0,0,1,"- ","- ",36.313640594482422,-120.92910766601562,"SAN BENITO",UNINCORPORATED,-120.92906188964844,36.313682556152344
92132749,2023,2023-10-16,9725,2023-05-05,"526 ",023192,,5,3,9,3500,0,1,3,,1,054,"STATE ROUTE 25","STATE ROUTE 156",0.00,,Y,B,-,Y,SBT,,25," "," ",54.052,H,,R,Y,1,1,2,2,A,-,09,21801,A,N,A,C,A,A,D,-,B,A,0,,,,,Y,,D,22,1,0,1,0,0,0,0,0,0,"- ","- ",36.895648956298828,-121.42738342285156,"SAN BENITO",UNINCORPORATED,-121.42739868164062,36.895641326904297
92133427,2023,2023-08-01,9725,2023-07-29,1130,021321,,6,1,9,3500,0,1,3,,1,054,"STATE ROUTE 25","STATE ROUTE 156",5280.00,S,N,A,-,Y,SBT,,25," "," ",53.345,H,,R,N,4,0,1,3,A,-,03,22350,,N,C,C,A,A,H,-,A,D,0,,,,,Y,,A,01,0,0,1,0,0,0,0,0,0,"- ","- ",36.887168884277344,-121.41986846923828,"SAN BENITO",UNINCORPORATED,-121.41991424560547,36.887149810791016
92141085,2023,2023-08-10,9725,2023-07-28,1055,023370,,5,1,9,3500,0,1,3,,1,051,"SR-25 N/B","BOLADO RD",1174.00,N,N,A,-,Y,SBT,,25," "," ",44.013,H,,R,Y,2,0,1,1,A,-,08,22107,,N,E,9,A,A,H,-,A,D,0,,,,,Y,,D,22,1,0,0,0,0,0,0,0,0,"- ","- ",36.783599853515625,-121.31432342529297,"SAN BENITO",UNINCORPORATED,-121.31420135498047,36.783634185791016
92146766,2023,2023-09-11,9725,2023-06-09,"800 ",019331,,5,1,9,3500,0,1,3,,1,054,"STATE ROUTE 25","MCCONNELL RD",173.00,N,N,A,-,Y,SBT,,25," "," ",53.689,H,,R,Y,1,1,0,2,A,-,06,21755,A,N,A,C,A,A,D,-,A,D,0,,,Y,Y,Y,,C,02,0,0,0,0,0,0,0,1,0,"- ","- ",36.891448974609375,-121.42314147949219,"SAN BENITO",UNINCORPORATED,-121.42324066162109,36.891384124755859
92155660,2023,2023-08-28,9725,2023-08-17,"30  ",022590,,4,3,9,3500,0,1,3,,1,054,"SR-25 S/B",SR-156,960.00,N,N,A,-,Y,SBT,,25," "," ",54.240,H,,L,Y,3,0,2,3,A,-,01,23152,A,N,C,C,A,A,D,-,D,D,0,,,,,Y,Y,A,01,0,2,0,0,0,0,0,0,0,"- ","- ",36.897769927978516,-121.42945098876953,"SAN BENITO",UNINCORPORATED,-121.42946624755859,36.897758483886719
92157304,2023,2023-08-29,9735,2023-08-20,1150,022724,,7,1,9,3500,0,1,3,,2,052,SR-25,"OLD COALINGA ROAD",1056.00,N,N,B,-,Y,SBT,,25," "," ",9.681,H,,R,Y,2,0,1,1,A,-,08,22107,,N,F,0,A,A,H,-,A,D,0,,,Y,,Y,,C,02,1,0,0,0,0,0,0,0,1,"- ","- ",36.410568237304688,-120.99712371826172,"SAN BENITO",UNINCORPORATED,-120.99702453613281,36.410617828369141
92189415,2023,2023-10-03,9725,2023-09-25,1700,023415,,1,2,9,3500,0,1,3,,1,054,"SR-25 S/B","SHORE RD",1320.00,S,N,A,-,Y,SBT,,25," "," ",57.592,H,,L,Y,3,0,2,2,A,-,03,22350,,N,C,C,A,A,H,-,A,D,0,,,,,Y,,D,22,0,2,0,0,0,0,0,0,0,"- ","- ",36.929901123046875,-121.47325134277344,"SAN BENITO",UNINCORPORATED,-121.47325897216797,36.929885864257812
92206303,2023,2023-10-23,9725,2023-10-12,1435,023415,,4,2,9,3500,0,1,3,,1,054,"SR-25 S/B",SR-156,0.00,,Y,A,-,Y,SBT,,25," "," ",54.048,H,,L,N,3,0,1,2,A,-,03,22350,,N,D,C,A,A,H,-,A,A,0,,,,,Y,,D,22,0,1,0,0,0,0,0,0,0,"- ","- ",36.895610809326172,-121.42730712890625,"SAN BENITO",UNINCORPORATED,-121.42734527587891,36.895587921142578
92208301,2023,2023-10-25,9725,2023-10-20,"747 ",022571,,5,1,9,3500,0,1,3,,2,053,SR-25,SR-156,0.00,,Y,B,-,Y,SBT,,25," "," ",54.034,H,,R,N,4,0,1,2,A,-,03,22350,,N,C,C,A,A,D,-,A,D,0,,,,,Y,,D,22,0,0,1,0,0,0,0,0,0,"- ","- ",36.895359039306641,-121.42727661132812,"SAN BENITO",UNINCORPORATED,-121.42718505859375,36.895420074462891
9221716,2021,2021-03-10,3501,2021-01-06,1026,,3501,3,5,4,3501,0,0,0,,0,DAY,"SAN FELIPE RD","AIRLINE HWY",5.00,S,N,A,-,Y,SBT,5,25,-,R,52.210,I,6,S,N,4,0,1,2,A,-,04,21703,,N,C,C,A,A,H,-,A,A,0,,,,,Y,,A,07,0,0,1,0,0,0,0,0,0,"- ","- ",,,"SAN BENITO",HOLLISTER,-121.40142059326172,36.865200042724609