CASE_ID,ACCIDENT_YEAR,PROC_DATE,JURIS,COLLISION_DATE,COLLISION_TIME,OFFICER_ID,REPORTING_DISTRICT,DAY_OF_WEEK,CHP_SHIFT,POPULATION,CNTY_CITY_LOC,SPECIAL_COND,BEAT_TYPE,CHP_BEAT_TYPE,CITY_DIVISION_LAPD,CHP_BEAT_CLASS,BEAT_NUMBER,PRIMARY_RD,SECONDARY_RD,DISTANCE,DIRECTION,INTERSECTION,WEATHER_1,WEATHER_2,STATE_HWY_IND,CALTRANS_COUNTY,CALTRANS_DISTRICT,STATE_ROUTE,ROUTE_SUFFIX,POSTMILE_PREFIX,POSTMILE,LOCATION_TYPE,RAMP_INTERSECTION,SIDE_OF_HWY,TOW_AWAY,COLLISION_SEVERITY,NUMBER_KILLED,NUMBER_INJURED,PARTY_COUNT,PRIMARY_COLL_FACTOR,PCF_CODE_OF_VIOL,PCF_VIOL_CATEGORY,PCF_VIOLATION,PCF_VIOL_SUBSECTION,HIT_AND_RUN,TYPE_OF_COLLISION,MVIW,PED_ACTION,ROAD_SURFACE,ROAD_COND_1,ROAD_COND_2,LIGHTING,CONTROL_DEVICE,CHP_ROAD_TYPE,PEDESTRIAN_ACCIDENT,BICYCLE_ACCIDENT,MOTORCYCLE_ACCIDENT,TRUCK_ACCIDENT,NOT_PRIVATE_PROPERTY,ALCOHOL_INVOLVED,STWD_VEHTYPE_AT_FAULT,CHP_VEHTYPE_AT_FAULT,COUNT_SEVERE_INJ,COUNT_VISIBLE_INJ,COUNT_COMPLAINT_PAIN,COUNT_PED_KILLED,COUNT_PED_INJURED,COUNT_BICYCLIST_KILLED,COUNT_BICYCLIST_INJURED,COUNT_MC_KILLED,COUNT_MC_INJURED,PRIMARY_RAMP,SECONDARY_RAMP,LATITUDE,LONGITUDE,COUNTY,CITY,POINT_X,POINT_Y
92222800,2023,2023-10-30,9725,2023-10-18,2250,023169,,3,3,9,3500,0,1,3,,1,054,"SR-25 S/B","HUDNER LANE",230.00,S,N,A,-,Y,SBT,,25," "," ",55.083,H,,L,Y,4,0,1,2,A,-,08,22107,,N,C,C,A,A,H,-,D,D,0,,,,,Y,Y,A,01,0,0,1,0,0,0,0,0,0,"- ","- ",36.907268524169922,-121.43885040283203,"SAN BENITO",UNINCORPORATED,-121.43878173828125,36.907310485839844
92226315,2023,2023-11-02,9725,2023-10-26,1840,020120,,4,2,9,3500,0,1,3,,1,051,SR-25,"FAIRVIEW RD.",246.00,N,N,A,-,Y,SBT,,25," "," ",47.751,H,,R,N,3,0,1,2,A,-,03,22350,,N,C,G,A,A,H,-,D,D,0,,Y,,,Y,,A,01,0,1,0,0,0,0,1,0,0,"- ","- ",36.816379547119141,-121.36446380615234,"SAN BENITO",UNINCORPORATED,-121.36443328857422,36.816452026367188
92239382,2023,2023-11-17,9725,2023-11-13,"630 ",023415,,1,1,9,3500,0,1,3,,1,054,"SR-25 N/B","HUDNER LN",427.00,N,N,A,-,Y,SBT,,25," "," ",55.214,H,,R,Y,3,0,1,2,A,-,06,21755,,N,B,C,A,A,H,-,A,D,0,,,Y,,Y,,C,02,0,1,0,0,0,0,0,0,1,"- ","- ",36.908870697021484,-121.44013214111328,"SAN BENITO",UNINCORPORATED,-121.44023895263672,36.908802032470703
92241487,2023,2023-11-21,9725,2023-11-20,"756 ",022985,,1,1,9,3500,0,1,3,,1,054,"SR-25 SOUTHBOUND","SHORE RD",898.00,S,N,A,-,Y,SBT,,25," "," ",57.615,H,,L,N,4,0,1,2,A,-,03,22350,,N,C,C,A,A,H,-,A,D,0,,,,,Y,,A,01,0,0,1,0,0,0,0,0,0,"- ","- ",36.930118560791016,-121.47357177734375,"SAN BENITO",UNINCORPORATED,-121.47361755371094,36.9300537109375
92253430,2023,2023-12-06,9725,2023-11-30,1630,020120,,4,2,9,3500,0,1,3,,1,054,SR-25,"HUDNER LANE",2640.00,N,N,A,-,Y,SBT,,25," "," ",55.735,H,,R,N,4,0,1,2,A,-,03,22350,,N,C,C,A,A,H,-,A,D,0,,,,,Y,,A,01,0,0,1,0,0,0,0,0,0,"- ","- ",36.914730072021484,-121.44602966308594,"SAN BENITO",UNINCORPORATED,-121.44603729248047,36.914726257324219
92258518,2023,2023-12-11,9725,2023-12-05,1633,022571,,2,2,9,3500,0,1,3,,1,054,SR-25,"SHORE RD",1954.00,S,N,A,-,Y,SBT,,25," "," ",57.446,H,,R,Y,3,0,2,4,A,-,03,22350,,N,C,C,A,A,H,-,B,D,0,,,,,Y,,A,07,0,2,0,0,0,0,0,0,0,"- ","- ",36.928829193115234,-121.47100067138672,"SAN BENITO",UNINCORPORATED,-121.47100067138672,36.928829193115234
92278163,2023,2024-01-03,9725,2023-12-02,1958,022827,,6,2,9,3500,0,1,3,,1,054,SR-25,"SHORE RD",0.00,,Y,A,-,Y,SBT,,25," "," ",57.813,H,,R,Y,1,1,0,2,A,-,03,22350,,N,C,C,A,A,H,-,D,D,0,,,Y,,Y,,C,02,0,0,0,0,0,0,0,1,0,"- ","- ",36.931510925292969,-121.47669219970703,"SAN BENITO",UNINCORPORATED,-121.47669219970703,36.931507110595703
92282612,2024,2024-01-09,9725,2024-01-05,1647,023169,,5,2,9,3500,0,1,3,,1,054,"SR-25 S/B","HUDNER LN",2640.00,N,N,A,-,Y,SBT,,25," "," ",55.663,H,,L,Y,4,0,1,2,A,-,03,22350,,N,C,2,A,A,H,-,B,D,0,,,,,Y,,D,22,0,0,1,0,0,0,0,0,0,"- ","- ",36.913909912109375,-121.44522094726562,"SAN BENITO",UNINCORPORATED,-121.44522857666016,36.913902282714844
92287583,2024,2024-01-16,9725,2024-01-08,1900,022608,,1,2,9,3500,0,1,3,,1,054,"SR-25 NORTHBOUND","SR-156 WESTBOUND",0.00,,Y,A,-,Y,SBT,,25," "," ",54.057,H,,R,N,4,0,3,2,A,-,09,21803,A,N,D,C,A,A,H,-,D,A,0,,,,,Y,,A,01,0,0,3,0,0,0,0,0,0,"- ","- ",36.895759582519531,-121.42735290527344,"SAN BENITO",UNINCORPORATED,-121.42745208740234,36.895694732666016
92291495,2024,2024-01-19,9725,2024-01-04,1857,023415,,4,2,9,3500,0,1,3,,1,054,"SR-25 N/B","BOLSA ROAD",2640.00,S,N,A,-,Y,SBT,,25," "," ",59.337,H,,R,Y,3,0,1,2,A,-,01,23152,A,N,E,8,A,A,H,-,D,D,0,,,,,Y,Y,D,22,0,1,0,0,0,0,0,0,0,"- ","- ",36.942768096923828,-121.50047302246094,"SAN BENITO",UNINCORPORATED,-121.50048065185547,36.942752838134766
92318203,2024,2024-02-20,9725,2024-02-12,1510,023538,,1,2,9,3500,0,1,3,,1,054,"SR-25 SOUTHBOUND","SHORE RD",300.00,S,N,A,-,Y,SBT,,25," "," ",57.729,H,,L,N,4,0,1,2,A,-,03,22350,,N,C,C,A,A,H,-,A,D,0,,,,,Y,,A,01,0,0,1,0,0,0,0,0,0,"- ","- ",36.930908203125,-121.47537994384766,"SAN BENITO",UNINCORPORATED,-121.47539520263672,36.930889129638672
92319341,2024,2024-02-21,9725,2024-02-19,2340,022111,,1,3,9,3500,0,1,3,,1,054,SR-25,SR-156,0.00,,Y,A,-,Y,SBT,,25," "," ",54.054,H,,R,N,4,0,1,2,A,-,09,21803,A,N,D,C,A,A,H,-,C,A,0,,,,,Y,,D,22,0,0,1,0,0,0,0,0,0,"- ","- ",36.8956298828125,-121.42745208740234,"SAN BENITO",UNINCORPORATED,-121.42741394042969,36.895652770996094
92324475,2024,2024-02-27,9725,2024-02-15,2027,022985,,4,2,4,3501,0,1,3,,1,054,"SAN FELIPE RD",SR-25,0.00,,Y,A,-,Y,SBT,,25," ",R,52.207,H,,R,N,4,0,2,2,A,-,09,21453,C,N,D,C,A,A,H,-,C,A,0,,,,,Y,,D,22,0,0,2,0,0,0,0,0,0,"- ","- ",36.865341186523438,-121.40135192871094,"SAN BENITO",HOLLISTER,-121.40135955810547,36.865264892578125
92334692,2024,2024-03-11,9725,2024-02-28,1224,022827,,3,1,9,3500,0,1,3,,1,054,SR-25,SR-156,0.00,,Y,A,-,Y,SBT,,25," "," ",54.047,H,,R,N,3,0,2,2,A,-,09,21803,A,N,D,C,A,A,H,-,A,D,0,,,,Y,Y,,G,25,0,1,1,0,0,0,0,0,0,"- ","- ",36.895610809326172,-121.42729187011719,"SAN BENITO",UNINCORPORATED,-121.42733764648438,36.895580291748047
92340517,2024,2024-05-30,9725,2024-03-02,1945,023415,,6,2,9,3500,0,1,3,,1,054,"SR-25 S/B","SR-156 E/B",0.00,,Y,C,-,Y,SBT,,25," "," ",54.049,H,,L,N,4,0,1,2,A,-,09,21803,A,N,D,C,A,B,H,-,C,A,0,,,,,Y,,A,01,0,0,1,0,0,0,0,0,0,"- ","- ",36.895599365234375,-121.42735290527344,"SAN BENITO",UNINCORPORATED,-121.42735290527344,36.895595550537109
92346229,2024,2024-03-25,9725,2024-03-14,1940,022869,,4,2,4,3501,0,1,3,,1,054,SR-25,"FLYNN RD",528.00,N,N,A,-,Y,SBT,,25," "," ",53.026,H,,R,Y,4,0,1,2,A,-,09,21801,A,N,D,C,A,A,H,-,D,D,0,,,,,Y,,A,01,0,0,1,0,0,0,0,0,0,"- ","- ",36.883319854736328,-121.41667175292969,"SAN BENITO",HOLLISTER,-121.41660308837891,36.883358001708984
92365899,2024,2024-04-16,9725,2024-04-06,2125,022836,,6,2,9,3500,0,1,3,,1,051,"SR-25 N/B","BOLADO ROAD",3749.00,S,N,A,-,Y,SBT,,25," "," ",43.072,H,,R,Y,3,0,1,1,A,-,01,23152,A,N,E,I,A,A,H,-,D,D,0,,,,,Y,Y,A,07,0,1,0,0,0,0,0,0,0,"- ","- ",36.771511077880859,-121.30713653564453,"SAN BENITO",UNINCORPORATED,-121.30709838867188,36.771587371826172
92366988,2024,2024-04-17,9725,2024-04-08,"605 ",019331,,1,1,9,3500,0,1,3,,1,054,SR-25,"WRIGHT RD",0.00,,Y,A,-,Y,SBT,,25," "," ",51.921,H,,R,Y,4,0,1,2,A,-,09,21802,A,F,D,2,A,A,H,-,D,A,0,,,,,Y,,-,99,0,0,1,0,0,0,0,0,0,"- ","- ",36.869579315185547,-121.40647125244141,"SAN BENITO",UNINCORPORATED,-121.406494140625,36.86956787109375
92373294,2024,2024-04-23,9725,2024-04-16,"815 ",019331,,2,1,9,3500,0,1,3,,1,054,SR-25,SR-156,3696.00,N,N,A,-,Y,SBT,,25," "," ",54.785,H,,R,N,4,0,1,2,A,-,03,22350,,N,C,C,A,A,H,-,A,D,0,,,,,Y,,A,07,0,0,1,0,0,0,0,0,0,"- ","- ",36.903961181640625,-121.43544769287109,"SAN BENITO",UNINCORPORATED,-121.43550872802734,36.903923034667969
92373987,2024,2024-04-24,9725,2024-04-19,1310,021321,,5,1,9,3500,0,1,3,,1,054,"STATE ROUTE 25","MCCONNELL RD",100.00,S,N,A,-,Y,SBT,,25," "," ",53.609,H,,R,N,4,0,1,2,A,-,09,21801,A,N,D,C,A,A,H,-,A,D,0,,,,,Y,,A,01,0,0,1,0,0,0,0,0,0,"- ","- ",36.890460968017578,-121.42233276367188,"SAN BENITO",UNINCORPORATED,-121.42240142822266,36.890426635742188
92386283,2024,2024-05-09,9725,2024-05-09,"805 ",022836,,4,1,9,3500,0,1,3,,1,054,"SR-25 N/B","SHORE ROAD",6336.00,S,N,A,-,Y,SBT,,25," "," ",56.595,H,,R,Y,3,0,1,2,A,-,03,22350,,N,C,C,A,A,H,-,A,D,0,,,,,Y,,D,22,0,1,0,0,0,0,0,0,0,"- ","- ",36.922641754150391,-121.45774078369141,"SAN BENITO",UNINCORPORATED,-121.45777893066406,36.922588348388672
92392019,2024,2024-05-16,9725,2024-05-15,1118,018458,,3,1,9,3500,0,1,3,,1,054,SR-25,"BOLSA ROAD",4224.00,S,N,A,-,Y,SBT,,25," "," ",59.907,H,,R,N,4,0,1,3,A,-,03,22350,,N,C,C,A,A,H,-,A,D,0,,,,,Y,,A,07,0,0,1,0,0,0,0,0,0,"- ","- ",36.946990966796875,-121.50932312011719,"SAN BENITO",UNINCORPORATED,-121.50934600830078,36.946952819824219
92392023,2024,2024-05-16,9725,2024-05-07,"500 ",020120,,2,3,9,3500,0,1,3,,1,054,SR-25,"SAN FELIPE RD.",0.00,,Y,A,-,Y,SBT,,25," ",R,52.204,H,,R,Y,4,0,1,2,A,-,12,21453,A,N,D,C,A,A,H,-,C,A,0,,,,,Y,,A,01,0,0,1,0,0,0,0,0,0,"- ","- ",36.865108489990234,-121.40131378173828,"SAN BENITO",UNINCORPORATED,-121.40129852294922,36.865261077880859
92404091,2024,2024-06-03,9725,2024-05-18,2140,022882,,6,2,9,3500,0,1,3,,1,054,"SR-25 S/B","SAN FELIPE ROAD",150.00,N,N,A,-,Y,SBT,,25," ",R,52.273,H,,L,Y,4,0,3,2,A,-,01,23152,A,N,C,C,A,A,H,-,D,A,0,,,,,Y,Y,A,01,0,0,3,0,0,0,0,0,0,"- ","- ",36.865310668945312,-121.40213775634766,"SAN BENITO",UNINCORPORATED,-121.40214538574219,36.865303039550781
92404111,2024,2024-06-03,9725,2024-05-19,2354,023169,,7,3,9,3500,0,1,3,,1,051,"SR-25 N/B","LITTLE PANOCHE RD",5280.00,S,N,A,-,Y,SBT,,25," "," ",37.128,H,,R,Y,3,0,2,1,A,-,08,22107,,N,F,0,A,A,H,-,D,D,0,,,,,Y,Y,A,01,0,2,0,0,0,0,0,0,0,"- ","- ",36.695381164550781,-121.27028656005859,"SAN BENITO",UNINCORPORATED,-121.2701416015625,36.695453643798828
92407037,2024,2024-06-05,9725,2024-05-30,"840 ",020120,,4,1,9,3500,0,1,3,,1,054,SR-25,"BOLSA RD.",4224.00,S,N,A,-,Y,SBT,,25," "," ",59.924,H,,R,Y,4,0,1,2,A,-,08,22107,,F,E,I,A,A,H,-,A,D,0,,,Y,,Y,,-,99,0,0,1,0,0,0,0,0,1,"- ","- ",36.947181701660156,-121.50952911376953,"SAN BENITO",UNINCORPORATED,-121.50960540771484,36.947071075439453
92415865,2024,2024-06-17,9725,2024-06-05,"640 ",019215,,3,1,9,3500,0,1,3,,1,054,SR-25,"SHORE ROAD",0.00,,Y,A,-,Y,SBT,,25," "," ",57.801,H,,R,Y,4,0,2,3,A,-,06,21755,A,N,D,C,A,A,H,-,B,D,0,,,,,Y,,A,01,0,0,2,0,0,0,0,0,0,"- ","- ",36.931560516357422,-121.47640228271484,"SAN BENITO",UNINCORPORATED,-121.47650909423828,36.931415557861328
92416325,2024,2024-06-17,9725,2024-06-10,1945,022590,,1,2,4,3501,0,1,3,,1,054,"SR-25 S/B","FAIRVIEW RD",915.00,N,N,A,-,Y,SBT,,25," "," ",47.865,H,,L,N,3,0,1,2,A,-,08,22107,,N,B,E,A,A,H,-,A,D,0,,,,,Y,,A,01,0,1,0,0,0,0,0,0,0,"- ","- ",36.817031860351562,-121.36665344238281,"SAN BENITO",HOLLISTER,-121.36659240722656,36.817123413085938
92427066,2024,2024-07-01,9725,2024-06-15,1419,022985,,6,2,4,3501,0,1,3,,1,054,SR-25,"WRIGHT RD",0.00,,Y,A,-,Y,SBT,,25," "," ",51.922,H,,R,N,3,0,1,2,A,-,09,21802,A,N,D,C,A,A,H,-,A,A,0,,,,,Y,,D,22,0,1,0,0,0,0,0,0,0,"- ","- ",36.869598388671875,-121.40644836425781,"SAN BENITO",HOLLISTER,-121.40650177001953,36.869571685791016
92427176,2024,2024-07-01,9725,2024-06-20,1910,022869,,4,2,9,3500,0,1,3,,1,051,"SR-25 N/B","MURPHY RD",528.00,S,N,A,-,Y,SBT,,25," "," ",40.582,H,,R,Y,4,0,1,1,A,-,01,23152,A,N,E,I,A,A,H,-,A,D,0,,,,,Y,Y,A,01,0,0,1,0,0,0,0,0,0,"- ","- ",36.743808746337891,-121.28054809570312,"SAN BENITO",UNINCORPORATED,-121.280517578125,36.743812561035156
92432639,2024,2024-07-08,9725,2024-07-02,"930 ",022571,,2,1,9,3500,0,1,3,,1,054,SR-25,"WRIGHT RD",0.00,,Y,A,-,Y,SBT,,25," "," ",51.925,H,,R,Y,3,0,2,3,A,-,09,21802,A,N,D,C,A,A,H,-,A,D,0,,,,,Y,,A,07,0,2,0,0,0,0,0,0,0,"- ","- ",36.869598388671875,-121.40654754638672,"SAN BENITO",UNINCORPORATED,-121.40653228759766,36.869609832763672
92440237,2024,2024-07-16,9725,2024-07-10,"555 ",021321,,3,3,9,3500,0,1,3,,1,054,SR-25,"SHORE ROAD",5280.00,S,N,B,-,Y,SBT,,25," "," ",56.761,H,,R,N,3,0,2,2,A,-,03,22350,,N,C,C,A,A,H,-,B,D,0,,,,,Y,,D,22,0,1,1,0,0,0,0,0,0,"- ","- ",36.923900604248047,-121.46028137207031,"SAN BENITO",UNINCORPORATED,-121.46035003662109,36.923801422119141
9248554,2021,2021-05-14,3501,2021-02-01,1727,11009,3501,1,5,4,3501,0,0,0,,0,DAY,"MERIDIAN ST","RT 25",0.00,,Y,A,-,Y,SBT,5,25,-,R,50.809,I,5,S,Y,3,0,3,2,A,-,08,22100,B,N,A,C,A,A,H,-,A,A,0,,,,,Y,,A,01,0,2,1,0,0,0,0,0,0,"- ","- ",,,"SAN BENITO",HOLLISTER,-121.390380859375,36.851974487304688
9275881,2021,2021-07-21,3501,2021-05-26,0707,10925,3501,3,5,4,3501,0,0,0,,0,DAY,"RT 25","E PARK",40.00,S,N,A,-,Y,SBT,5,25,-,R,50.190,H,-,N,N,4,0,1,2,A,-,03,22350,,N,C,C,A,A,H,-,A,A,0,,,,,Y,,A,01,0,0,1,0,0,0,0,0,0,"- ","- ",,,"SAN BENITO",HOLLISTER,-121.39049530029297,36.842971801757812
9276094,2021,2022-02-17,3501,2021-09-24,1740,99999,3501,5,5,4,3501,0,0,0,,0,GRA,"AIRLINE HWY","SUNNYSLOPE RD",10.00,S,N,A,-,Y,SBT,5,25,-,R,49.930,H,-,N,N,4,0,1,2,A,-,03,22350,,N,C,C,A,A,H,-,A,A,0,,,,,Y,,-,,0,0,1,0,0,0,0,0,0,"- ","- ",,,"SAN BENITO",HOLLISTER,-121.39067077636719,36.839191436767578
9276097,2021,2021-12-03,3501,2021-09-12,2147,11123,3501,7,5,4,3501,0,0,0,,0,DAY,"RT 25","MERIDIAN ST",0.00,,Y,A,-,Y,SBT,5,25,-,R,50.809,I,5,S,N,2,0,1,2,A,-,17,21208,,N,H,G,A,A,H,-,C,A,0,,Y,,,Y,,L,04,1,0,0,0,0,0,1,0,0,"- ","- ",,,"SAN BENITO",HOLLISTER,-121.390380859375,36.851974487304688
9276098,2021,2021-12-03,3501,2021-09-23,1440,3501,3501,4,5,4,3501,0,0,0,,0,DAY,"AIRLINE HWY","SUNNYSLOPE RD",0.00,,Y,A,-,Y,SBT,5,25,-,R,49.934,I,5,N,Y,3,0,3,2,A,-,09,21453,C,N,A,C,A,A,H,-,A,A,0,,,,,Y,,A,07,0,1,2,0,0,0,0,0,0,"- ","- ",,,"SAN BENITO",HOLLISTER,-121.39068603515625,36.839237213134766
92877543,2024,2024-07-29,9725,2024-07-25,"800 ",021321,,4,1,9,3500,0,1,3,,1,051,"STATE ROUTE 25","RIDGEMARK DR",20.00,N,N,A,-,Y,SBT,,25," "," ",47.720,H,,R,N,4,0,1,2,A,-,03,22350,,N,C,C,A,A,H,-,A,D,0,,,,,Y,,A,01,0,0,1,0,0,0,0,0,0,"- ","- ",36.816249847412109,-121.36385345458984,"SAN BENITO",UNINCORPORATED,-121.36383056640625,36.816326141357422
92898164,2024,2024-07-30,9725,2024-07-26,"639 ",022777,,5,1,9,3500,0,1,3,,1,054,"SR-25 N/B","FRAZIER LAKE RD",1267.00,N,N,A,-,Y,SBT,,25," "," ",56.359,H,,R,Y,4,0,1,3,A,-,03,22350,,N,C,C,A,A,H,-,A,D,0,,,,,Y,,D,22,0,0,1,0,0,0,0,0,0,"- ","- ",36.920909881591797,-121.45407867431641,"SAN BENITO",UNINCORPORATED,-121.45411682128906,36.920856475830078
93193263,2024,2024-08-01,9725,2024-07-31,"200 ",022608,,3,3,9,3500,0,1,3,,1,051,"SR-25 NORTHBOUND","BEST ROAD",2112.00,N,N,A,-,Y,SBT,,25," "," ",46.987,H,,R,Y,3,0,1,1,C,-,18,,,N,F,A,A,B,F,-,D,D,0,,,,,Y,,-,"- ",0,1,0,0,0,0,0,0,0,"- ","- ",36.813419342041016,-121.35121917724609,"SAN BENITO",UNINCORPORATED,-121.35115814208984,36.813499450683594
9322240,2021,2021-09-17,3501,2021-07-01,1505,01493,3501,4,5,4,3501,0,0,0,,0,DAY,"AIRLINE HWY","PLAZA DR",260.00,N,N,A,-,Y,SBT,5,25,-,R,49.880,H,-,S,N,4,0,1,2,A,-,09,21801,A,N,D,C,A,A,H,-,A,D,0,,,,,Y,,A,01,0,0,1,0,0,0,0,0,0,"- ","- ",,,"SAN BENITO",HOLLISTER,-121.39054870605469,36.838451385498047
9322241,2021,2021-09-17,3501,2021-07-08,1603,10634,3501,4,5,4,3501,0,0,0,,0,DAY,"SUNNYSLOPE RD","AIRLINE HWY",0.00,,Y,A,-,Y,SBT,5,25,-,R,49.934,I,6,S,N,4,0,1,2,A,-,03,22350,,N,C,C,A,A,H,-,A,A,0,,,Y,,Y,,A,01,0,0,1,0,0,0,0,0,1,"- ","- ",,,"SAN BENITO",HOLLISTER,-121.39090728759766,36.839229583740234
9322245,2021,2021-09-17,3501,2021-07-14,1027,10634,3501,3,5,4,3501,0,0,0,,0,DAY,"AIRLINE HWY","PLAZA DR",91.00,S,N,A,-,Y,SBT,5,25,-,R,19.000,H,-,N,N,3,0,1,2,A,-,05,21650,1,N,D,G,A,A,H,-,A,D,0,,Y,,,Y,,L,04,0,1,0,0,0,0,1,0,0,"- ","- ",,,"SAN BENITO",HOLLISTER,-121.10520935058594,36.507198333740234
9361081,2021,2021-12-17,3501,2021-09-29,1201,01493,3501,3,5,4,3501,0,0,0,,0,DAY,"AIRLINE HWY","SUNSET DR",25.00,N,N,A,-,Y,SBT,5,25,-,-,49.660,H,-,S,N,4,0,2,2,A,-,03,22350,,N,C,C,A,A,H,-,A,A,0,,,,,Y,,D,22,0,0,2,0,0,0,0,0,0,"- ","- ",,,"SAN BENITO",HOLLISTER,-121.38855743408203,36.835472106933594
9379798,2021,2022-02-15,3501,2021-11-21,1426,10634,3501,7,5,4,3501,0,0,0,,0,DAY,"AIRLINE HWY","SUNNYSLOPE RD",53.00,S,N,A,-,Y,SBT,5,25,-,R,49.930,H,-,N,N,4,0,1,2,A,-,22,23123,A,N,C,C,A,A,H,-,A,A,0,,,,,Y,,A,07,0,0,1,0,0,0,0,0,0,"- ","- ",,,"SAN BENITO",HOLLISTER,-121.39067077636719,36.839191436767578
9414463,2022,2022-03-25,3501,2022-01-15,1309,10614,3501,6,5,4,3501,0,0,0,,0,DAY,"RT 25","MERIDIAN ST",0.00,,Y,A,-,Y,SBT,5,25,-,R,50.809,I,5,N,Y,3,0,1,2,A,-,03,22350,,N,D,C,A,A,H,-,A,A,0,,,,,Y,,A,01,0,1,0,0,0,0,0,0,0,"- ","- ",,,"SAN BENITO",HOLLISTER,-121.39020538330078,36.851978302001953
9418084,2022,2022-04-06,3501,2022-01-29,1828,11023,3501,6,5,4,3501,0,0,0,,0,GRA,"AIRLINE HWY","HILLCREST RD",20.00,S,N,A,-,Y,SBT,5,25,-,R,50.518,I,5,S,Y,4,0,2,2,A,-,01,23152,F,N,D,C,A,A,H,-,C,A,0,,,,,Y,Y,D,22,0,0,2,0,0,0,0,0,0,"- ","- ",,,"SAN BENITO",HOLLISTER,-121.39035797119141,36.847740173339844
9418085,2022,2022-04-06,3501,2022-01-27,2013,11129,3501,4,5,4,3501,0,0,0,,0,GRA,"RT 25","SANTA ANA RD",27.00,N,N,A,-,Y,SBT,5,25,-,R,51.104,I,5,S,Y,3,0,1,2,A,-,09,21453,C,N,D,C,A,A,H,-,C,A,0,,,,,Y,,D,22,0,1,0,0,0,0,0,0,0,"- ","- ",,,"SAN BENITO",HOLLISTER,-121.39092254638672,36.856197357177734
9429136,2022,2022-04-08,3501,2022-02-10,0555,10925,3501,4,5,4,3501,0,0,0,,0,DAY,"RT 25","PLAZA DR",280.00,N,N,A,-,Y,SBT,5,25,-,R,49.890,H,-,S,N,4,0,1,2,A,-,08,22107,,N,B,C,A,A,H,-,C,D,0,,,,,Y,,A,07,0,0,1,0,0,0,0,0,0,"- ","- ",,,"SAN BENITO",HOLLISTER,-121.39048004150391,36.838344573974609
9430037,2022,2022-04-18,3501,2022-02-04,1623,10634,3501,5,5,4,3501,0,0,0,,0,DAY,"RT 25","PARK ST",71.00,S,N,A,-,Y,SBT,5,25,-,R,50.190,H,-,N,N,4,0,2,2,A,-,03,22350,,F,C,C,A,A,H,-,A,A,0,,,,,Y,,A,01,0,0,2,0,0,0,0,0,0,"- ","- ",,,"SAN BENITO",HOLLISTER,-121.39049530029297,36.842994689941406
9433957,2022,2022-05-25,3501,2022-03-10,1134,92670,3501,4,5,4,3501,0,0,0,,0,DAY,"RT 25","HILLCREST RD",0.00,,Y,A,-,Y,SBT,5,25,-,R,50.500,H,-,N,N,4,0,1,3,A,-,03,22350,,N,C,C,A,A,H,-,A,A,0,,,,,Y,,A,07,0,0,1,0,0,0,0,0,0,"- ","- ",,,"SAN BENITO",HOLLISTER,-121.39019012451172,36.84747314453125
94363784,2024,2024-08-21,9725,2024-08-11,1705,022869,,7,2,9,3500,0,1,3,,1,054,SR-25,SR-156,0.00,,Y,A,-,Y,SBT,,25," "," ",54.064,H,,R,Y,4,0,1,2,A,-,09,21803,A,N,D,C,A,A,H,-,A,A,0,,,,,Y,,A,01,0,0,1,0,0,0,0,0,0,"- ","- ",36.895771026611328,-121.42752838134766,"SAN BENITO",UNINCORPORATED,-121.42752838134766,36.895771026611328